903cb3bb245d,48,49,1940024,1,2,1,1,1,0,0,0,9318400,26963968,795488256,973131776,1,100,19
903cb3bb245d,48,49,1940084,1,2,1,1,1,0,0,0,9318400,26963968,795353088,973131776,1,100,19
903cb3bb245d,48,49,1940144,1,2,1,1,1,0,0,0,9318400,26963968,795488256,973131776,1,100,19
903cb3bb245d,47,48,2174810,1,2,1,1,1,0,0,0,9318400,26984448,793800704,973131776,1,100,19
903cb3bb245d,47,48,2174870,1,2,1,1,1,0,0,0,9318400,26984448,794038272,973131776,1,100,19
903cb3bb245d,47,48,2174930,1,2,1,1,1,0,0,0,9318400,26984448,794378240,973131776,1,100,19
903cb3bb245d,47,48,2174991,1,2,1,1,1,0.046876,0.013672,0.002441,9318400,26984448,794427392,973131776,1,100,19
903cb3bb245d,47,48,2175051,1,2,1,1,1,0.015137,0.007813,0,9318400,26984448,794054656,973131776,1,100,19
903cb3bb245d,47,48,2175111,1,2,1,1,1,0.003906,0.001953,0,9318400,26984448,793870336,973131776,1,100,19
903cb3bb245d,47,48,2175171,1,2,1,1,1,0,0,0,9318400,26984448,793419776,973131776,1,100,19
903cb3bb245d,47,48,2175231,1,2,1,1,1,0,0,0,9318400,26984448,793108480,973131776,1,100,19
903cb3bb245d,47,48,2176132,1,1,1,1,1,0.080079,0.016602,0.005371,9318400,26984448,793792512,973131776,1,100,19
903cb3bb245d,47,48,2176252,1,2,1,1,1,0.082033,0.021973,0.004883,9318400,26984448,793849856,973131776,1,100,19
903cb3bb245d,47,48,2176252,1,2,1,1,1,0.082033,0.021973,0.004883,9318400,26984448,793849856,973131776,1,100,19
903cb3bb245d,47,48,2176312,1,2,1,1,1,0.027832,0.016114,0,9318400,26984448,793600000,973131776,1,100,19
903cb3bb245d,47,48,2176372,1,1,1,1,1,0.042969,0.025879,0.000488,9318400,26984448,793927680,973131776,1,100,19
903cb3bb245d,47,48,2176432,1,2,1,1,1,0.09424,0.03711,0.005371,9318400,26984448,794206208,973131776,1,100,19
903cb3bb245d,47,48,2176492,1,1,1,1,1,0.032715,0.027344,0,9318400,26984448,793616384,973131776,1,100,19
903cb3bb245d,47,48,2176492,1,1,1,1,1,0.032715,0.027344,0,9318400,26984448,793616384,973131776,1,100,19
903cb3bb245d,47,48,2176552,1,2,1,1,1,0.009766,0.021485,0,9318400,26984448,793673728,973131776,1,100,19
903cb3bb245d,47,48,2177033,1,2,1,1,1,0.009766,0.005859,0,9318400,26984448,793673728,973131776,1,100,19
903cb3bb245d,47,48,2177033,1,2,1,1,1,0.009766,0.005859,0,9318400,26984448,793673728,973131776,1,100,19
903cb3bb245d,47,48,2177093,1,2,1,1,1,0.001953,0,0,9318400,26984448,793419776,973131776,1,100,19
903cb3bb245d,47,48,2177754,1,2,1,1,1,0,0,0,9318400,26984448,793411584,973131776,1,100,19
903cb3bb245d,47,48,2177814,1,2,1,1,1,0,0,0,9318400,26984448,793665536,973131776,1,100,19
903cb3bb245d,47,48,2179676,1,1,1,1,1,0.061524,0.036622,0.003906,9318400,26984448,793796608,973131776,1,100,19
903cb3bb245d,47,48,2179736,1,1,1,1,1,0.020508,0.026856,0,9318400,26984448,793243648,973131776,1,100,19
903cb3bb245d,47,48,2179796,1,2,1,1,1,0.005859,0.021485,0,9318400,26984448,793784320,973131776,1,100,19
903cb3bb245d,47,48,2179857,1,2,1,1,1,0,0.015625,0,9318400,26984448,793616384,973131776,1,100,19
903cb3bb245d,47,48,2179917,1,1,1,1,1,0.029786,0.025391,0,9318400,26984448,793419776,973131776,1,100,19
903cb3bb245d,47,48,2180037,1,2,1,1,1,0.055177,0.037598,0.001465,9318400,26984448,793403392,973131776,1,100,19
903cb3bb245d,48,49,2183641,1,2,1,1,1,0.018555,0.008789,0,9318400,26984448,793919488,973131776,1,100,19
903cb3bb245d,48,49,2183701,1,2,1,1,1,0.004883,0.00293,0,9318400,26984448,793513984,973131776,1,100,19
903cb3bb245d,48,49,2184302,1,2,1,1,1,0.094728,0.026368,0.004883,9318400,26984448,793268224,973131776,1,100,19
903cb3bb245d,48,49,2184302,1,2,1,1,1,0.094728,0.026368,0.004883,9318400,26984448,793268224,973131776,1,100,19
903cb3bb245d,48,49,2184302,1,2,1,1,1,0.094728,0.026368,0.004883,9318400,26984448,793268224,973131776,1,100,19
903cb3bb245d,48,49,2184362,1,2,1,1,1,0.032715,0.020508,0,9318400,26984448,793292800,973131776,1,100,19
903cb3bb245d,48,49,2184422,1,2,1,1,1,0.067384,0.029786,0.003418,9318400,26984448,793800704,973131776,1,100,19
903cb3bb245d,48,49,2184422,1,2,1,1,1,0.067384,0.029786,0.003418,9318400,26984448,793800704,973131776,1,100,19
903cb3bb245d,48,49,2184482,1,2,1,1,1,0.022461,0.023438,0,9318400,26984448,793337856,973131776,1,100,19
903cb3bb245d,48,49,2184542,1,2,1,1,1,0.005859,0.017578,0,9318400,26984448,793464832,973131776,1,100,19
903cb3bb245d,48,49,2185383,1,2,1,1,1,0,0,0,9318400,26984448,793800704,973131776,1,100,19
903cb3bb245d,48,49,2185443,1,2,1,1,1,0,0,0,9318400,26984448,793759744,973131776,1,100,19
903cb3bb245d,48,49,2185504,1,2,1,1,1,0,0,0,9318400,26984448,793632768,973131776,1,100,19
903cb3bb245d,48,49,2185564,1,2,1,1,1,0,0,0,9318400,26984448,793649152,973131776,1,100,19
903cb3bb245d,48,49,2185564,1,2,1,1,1,0,0,0,9318400,26984448,793649152,973131776,1,100,19
903cb3bb245d,48,49,2186345,1,2,1,1,1,0.001465,0,0,9318400,26984448,793665536,973131776,1,100,19
903cb3bb245d,48,49,2186405,1,1,1,1,1,0,0,0,9318400,26984448,793718784,973131776,1,100,19
903cb3bb245d,48,49,2186405,1,1,1,1,1,0,0,0,9318400,26984448,793718784,973131776,1,100,19
903cb3bb245d,48,49,2187606,1,2,1,1,1,0.004395,0.018067,0,9318400,26984448,793538560,973131776,1,100,19
903cb3bb245d,48,49,2187666,1,3,1,1,1,0.061524,0.028321,0.003906,9318400,26984448,793792512,973131776,1,100,19
903cb3bb245d,48,49,2187666,1,3,1,1,1,0.061524,0.028321,0.003906,9318400,26984448,793792512,973131776,1,100,19
903cb3bb245d,48,49,2187786,2,4,1,1,1,0.079103,0.033204,0.004883,9318400,26984448,793792512,973131776,1,100,19
903cb3bb245d,48,49,2187846,1,2,2,1,1,0.027344,0.025391,0,9318400,26984448,793530368,973131776,1,100,19
903cb3bb245d,48,49,2189348,1,1,1,1,1,0,0,0,9318400,26984448,793624576,973131776,1,100,19
903cb3bb245d,48,49,2189408,1,2,1,1,1,0,0,0,9318400,26984448,793608192,973131776,1,100,19
903cb3bb245d,48,49,2189468,1,2,1,1,1,0.046876,0.013672,0.002441,9318400,26984448,793522176,973131776,1,100,19
903cb3bb245d,48,49,2190490,1,3,1,1,1,0.032715,0.011719,0.000488,9318400,26984448,793665536,973131776,1,100,19
903cb3bb245d,48,49,2190610,1,3,1,1,1,0.001953,0,0,9318400,26984448,793505792,973131776,1,100,19
903cb3bb245d,48,49,2190610,1,3,1,1,1,0.001953,0,0,9318400,26984448,793505792,973131776,1,100,19
903cb3bb245d,48,49,2190730,1,3,1,1,1,0.05127,0.02295,0.001465,9318400,26984448,793554944,973131776,1,100,19
903cb3bb245d,48,49,2190730,1,3,1,1,1,0.05127,0.02295,0.001465,9318400,26984448,793554944,973131776,1,100,19
903cb3bb245d,48,48,88749,1,2,1,1,1,0,0,0,9072640,26406912,804573184,973131776,1,100,18
903cb3bb245d,48,49,88809,1,1,1,0,1,0.134768,0.03125,0.009766,9072640,26406912,804581376,973131776,1,100,18
903cb3bb245d,48,49,89470,1,2,1,1,1,0.01416,0.020996,0,9072640,26406912,804564992,973131776,1,100,18
903cb3bb245d,48,49,89470,1,2,1,1,1,0.01416,0.020996,0,9072640,26406912,804564992,973131776,1,100,18
903cb3bb245d,48,49,89530,1,3,1,1,1,0.003418,0.015137,0,9072640,26406912,804372480,973131776,1,100,18
903cb3bb245d,48,48,89590,1,2,1,1,1,0,0.009277,0,9072640,26406912,804716544,973131776,1,100,18
903cb3bb245d,48,49,89650,1,2,1,1,1,0,0.003418,0,9072640,26406912,804691968,973131776,1,100,18
903cb3bb245d,48,49,89710,1,3,1,1,1,0,0,0,9072640,26406912,804421632,973131776,1,100,18
903cb3bb245d,48,49,89830,1,2,1,1,1,0,0,0,9072640,26406912,804515840,973131776,1,100,18
903cb3bb245d,48,48,89890,1,3,1,1,1,0,0,0,9072640,26406912,804954112,973131776,1,100,18
903cb3bb245d,48,49,103464,1,2,1,1,1,0,0,0,9072640,26406912,804691968,973131776,1,100,18
903cb3bb245d,48,48,107007,1,2,1,1,1,0,0,0,9072640,26406912,804450304,973131776,1,100,18
903cb3bb245d,48,48,107007,1,2,1,1,1,0,0,0,9072640,26406912,804450304,973131776,1,100,18
903cb3bb245d,48,48,107068,1,3,1,1,1,0,0,0,9072640,26406912,804646912,973131776,1,100,18
903cb3bb245d,48,49,107128,1,2,1,1,1,0,0,0,9072640,26406912,804646912,973131776,1,100,18
903cb3bb245d,48,48,107188,1,2,1,1,1,0.032715,0.011719,0.000488,9072640,26406912,804470784,973131776,1,100,18
903cb3bb245d,47,48,107248,1,3,1,1,1,0.009766,0.005859,0,9072640,26406912,804708352,973131776,1,100,18
903cb3bb245d,48,49,107368,2,4,2,2,2,0,0,0,9072640,26419200,800997376,973131776,1,100,18
903cb3bb245d,48,49,107428,2,2,2,1,2,0.029786,0.011231,0,9072640,26419200,791072768,973131776,1,100,19
903cb3bb245d,48,48,107488,1,1,1,1,1,0.008789,0.005371,0,9072640,26415104,792145920,973131776,1,100,19
903cb3bb245d,48,49,107548,1,2,1,1,1,0.001465,0,0,9072640,26415104,793305088,973131776,1,100,19
903cb3bb245d,48,49,107608,1,2,1,1,1,0,0,0,9072640,26415104,793821184,973131776,1,100,19
903cb3bb245d,48,48,107668,1,2,1,1,1,0.039063,0.012696,0.001465,9072640,26415104,793935872,973131776,1,100,19
903cb3bb245d,48,48,107728,1,2,1,1,1,0.012207,0.006836,0,9072640,26415104,793636864,973131776,1,100,19
903cb3bb245d,48,48,107788,1,2,1,1,1,0.055665,0.018067,0.00293,9072640,26415104,793833472,973131776,1,100,19
903cb3bb245d,48,49,107848,1,2,1,1,1,0.018555,0.012207,0,9072640,26415104,793763840,973131776,1,100,19
903cb3bb245d,48,48,107908,1,2,1,1,1,0.004883,0.006348,0,9072640,26415104,793612288,973131776,1,100,19
903cb3bb245d,48,48,107968,1,2,1,1,1,0,0.000488,0,9072640,26415104,794423296,973131776,1,100,19
903cb3bb245d,48,49,108028,1,1,2,1,1,0,0,0,9072640,26415104,794169344,973131776,1,100,19
903cb3bb245d,48,48,108088,1,1,1,1,1,0.073243,0.016114,0.004883,9072640,26415104,794034176,973131776,1,100,19
903cb3bb245d,47,48,108149,1,1,1,1,1,0.024903,0.010254,0,9072640,26415104,794144768,973131776,1,100,19
903cb3bb245d,48,48,108209,1,1,1,1,1,0.006836,0.004395,0,9072640,26415104,793874432,973131776,1,100,19
903cb3bb245d,48,48,108269,1,2,1,1,1,0.050294,0.015625,0.002441,9072640,26415104,794607616,973131776,1,100,19
903cb3bb245d,48,49,108329,1,2,1,1,1,0.016602,0.009766,0,9072640,26415104,794177536,973131776,1,100,19
903cb3bb245d,48,49,108389,1,2,1,1,1,0.004395,0.003906,0,9072640,26415104,794226688,973131776,1,100,19
903cb3bb245d,48,49,108449,1,1,1,1,1,0,0,0,9072640,26415104,793620480,973131776,1,100,19
903cb3bb245d,48,49,108509,1,2,1,1,1,0,0,0,9072640,26415104,794304512,973131776,1,100,19
903cb3bb245d,48,49,108569,1,2,1,1,1,0,0,0,9072640,26415104,793907200,973131776,1,100,19
903cb3bb245d,47,48,108629,1,2,2,1,1,0.042969,0.013184,0.001953,9072640,26415104,794034176,973131776,1,100,19
903cb3bb245d,48,48,108689,1,2,1,1,1,0.013672,0.007324,0,9072640,26415104,793923584,973131776,1,100,19
903cb3bb245d,48,49,108749,1,1,1,1,1,0.003418,0.001465,0,9072640,26415104,793669632,973131776,1,100,19
903cb3bb245d,48,48,108809,1,1,1,1,1,0.061524,0.015137,0.003906,9072640,26415104,794058752,973131776,1,100,19
903cb3bb245d,48,48,108869,1,2,1,1,1,0.020508,0.009277,0,9072640,26415104,794583040,973131776,1,100,19
903cb3bb245d,48,48,108989,1,2,1,1,1,0,0,0,9072640,26415104,794550272,973131776,1,100,19
903cb3bb245d,48,48,109049,1,2,1,1,1,0.05127,0.01416,0.00293,9072640,26415104,794042368,973131776,1,100,19
903cb3bb245d,48,48,109109,1,2,1,1,1,0.016602,0.008301,0,9072640,26415104,793890816,973131776,1,100,19
903cb3bb245d,48,49,109170,1,2,1,1,1,0.004395,0.002441,0,9072640,26415104,793948160,973131776,1,100,19
903cb3bb245d,48,49,109230,1,3,1,1,1,0,0,0,9072640,26415104,793915392,973131776,1,100,19
903cb3bb245d,48,48,109290,1,2,1,1,1,0,0,0,9072640,26415104,793882624,973131776,1,100,19
903cb3bb245d,48,49,109350,1,2,1,1,1,0,0,0,9072640,26415104,794058752,973131776,1,100,19
903cb3bb245d,48,48,109410,1,2,1,1,1,0,0,0,9072640,26415104,793706496,973131776,1,100,19
903cb3bb245d,47,48,109470,1,2,1,1,1,0,0,0,9072640,26415104,793923584,973131776,1,100,19
903cb3bb245d,48,48,109530,1,2,1,1,1,0,0,0,9072640,26415104,793788416,973131776,1,100,19
903cb3bb245d,48,49,109590,1,2,1,1,1,0,0,0,9072640,26415104,794226688,973131776,1,100,19
903cb3bb245d,47,48,109650,1,2,1,1,1,0,0,0,9072640,26415104,793993216,973131776,1,100,19
903cb3bb245d,48,48,109710,1,2,1,1,1,0,0,0,9072640,26415104,793899008,973131776,1,100,19
903cb3bb245d,48,49,109770,1,2,1,1,1,0,0,0,9072640,26415104,794017792,973131776,1,100,19
903cb3bb245d,48,49,109830,1,3,1,1,1,0.042969,0.013184,0.001953,9072640,26415104,794210304,973131776,1,100,19
903cb3bb245d,48,48,109890,1,2,1,1,1,0.013672,0.007324,0,9072640,26415104,793923584,973131776,1,100,19
903cb3bb245d,48,48,109950,1,1,1,1,1,0.003418,0.001465,0,9072640,26415104,794042368,973131776,1,100,19
903cb3bb245d,48,49,110010,1,2,1,1,1,0,0,0,9072640,26415104,794025984,973131776,1,100,19
903cb3bb245d,48,49,110070,1,2,1,1,1,0,0,0,9072640,26415104,793858048,973131776,1,100,19
903cb3bb245d,48,48,110130,1,2,1,1,1,0.066896,0.015625,0.004395,9072640,26415104,794091520,973131776,1,100,19
903cb3bb245d,48,48,110191,1,2,1,1,1,0.073243,0.026856,0.004883,9072640,26415104,794091520,973131776,1,100,19
903cb3bb245d,48,48,110251,1,2,1,1,1,0.024903,0.020996,0,9072640,26415104,793890816,973131776,1,100,19
903cb3bb245d,48,48,110311,1,2,1,1,1,0.006836,0.015137,0,9072640,26415104,793874432,973131776,1,100,19
903cb3bb245d,48,48,110371,1,2,1,1,1,0.050294,0.026368,0.002441,9072640,26415104,794050560,973131776,1,100,19
903cb3bb245d,48,48,110431,1,3,1,1,1,0.016602,0.020508,0,9072640,26415104,794193920,973131776,1,100,19
903cb3bb245d,48,48,110551,1,2,1,1,1,0,0.008789,0,9072640,26415104,793874432,973131776,1,100,19
903cb3bb245d,47,48,110611,1,2,1,1,1,0.05127,0.02002,0.00293,9072640,26415104,793788416,973131776,1,100,19
903cb3bb245d,48,49,110671,1,2,1,1,1,0.016602,0.01416,0,9072640,26415104,793907200,973131776,1,100,19
903cb3bb245d,47,48,110731,1,2,1,1,1,0.004395,0.008301,0,9072640,26415104,793612288,973131776,1,100,19
903cb3bb245d,48,49,110791,1,4,1,1,1,0,0.002441,0,9072640,26415104,794423296,973131776,1,100,19
903cb3bb245d,47,48,110851,1,4,1,1,1,0,0,0,9072640,26415104,794009600,973131776,1,100,19
903cb3bb245d,48,48,110911,1,1,1,1,1,0,0,0,9072640,26415104,793763840,973131776,1,100,19
903cb3bb245d,48,48,110971,1,1,1,1,1,0,0,0,9072640,26415104,793841664,973131776,1,100,19
903cb3bb245d,47,48,111031,1,1,1,1,1,0,0,0,9072640,26415104,794169344,973131776,1,100,19
903cb3bb245d,47,48,111091,1,1,1,1,1,0,0,0,9072640,26415104,793923584,973131776,1,100,19
903cb3bb245d,47,48,111151,1,2,1,1,1,0,0,0,9072640,26415104,793890816,973131776,1,100,19
903cb3bb245d,48,48,111211,1,2,1,1,1,0.035645,0.012207,0.000977,9072640,26415104,794161152,973131776,1,100,19
903cb3bb245d,47,48,111272,1,2,1,1,1,0.010742,0.006348,0,9072640,26415104,794001408,973131776,1,100,19
903cb3bb245d,48,48,111332,1,2,1,1,1,0.002441,0.000488,0,9072640,26415104,794091520,973131776,1,100,19
903cb3bb245d,48,48,111392,1,2,1,1,1,0.066896,0.015625,0.004395,9072640,26415104,793956352,973131776,1,100,19
903cb3bb245d,48,48,111452,1,2,1,1,1,0.022461,0.009766,0,9072640,26415104,794304512,973131776,1,100,19
903cb3bb245d,48,48,111512,1,2,1,1,1,0.005859,0.003906,0,9072640,26415104,794423296,973131776,1,100,19
903cb3bb245d,48,48,111572,1,2,1,1,1,0.049805,0.015137,0.002441,9072640,26415104,793866240,973131776,1,100,19
903cb3bb245d,47,48,111632,1,2,1,1,1,0.016602,0.009277,0,9072640,26415104,793907200,973131776,1,100,19
903cb3bb245d,47,48,111692,1,3,1,1,1,0.004395,0.003418,0,9072640,26415104,793915392,973131776,1,100,19
903cb3bb245d,48,48,111752,1,2,1,1,1,0,0,0,9072640,26415104,793788416,973131776,1,100,19
903cb3bb245d,47,48,111812,1,1,1,1,1,0,0,0,9072640,26415104,793964544,973131776,1,100,19
903cb3bb245d,47,48,111872,1,1,2,1,1,0,0,0,9072640,26415104,794050560,973131776,1,100,19
903cb3bb245d,48,49,111932,1,2,1,1,1,0,0,0,9072640,26415104,794169344,973131776,1,100,19
903cb3bb245d,48,48,111992,1,2,1,1,1,0.066896,0.015625,0.004395,9072640,26415104,794042368,973131776,1,100,19
903cb3bb245d,48,48,112052,1,2,1,1,1,0.022461,0.009766,0,9072640,26415104,794189824,973131776,1,100,19
903cb3bb245d,48,49,112172,1,2,1,1,1,0.279301,0.064454,0.020996,9072640,26415104,793948160,973131776,1,100,19
903cb3bb245d,47,48,112232,1,2,1,1,1,0.491218,0.160647,0.056153,9072640,26415104,793874432,973131776,1,100,19
903cb3bb245d,48,48,112293,1,2,1,1,1,0.283207,0.172366,0.067872,9072640,26415104,793899008,973131776,1,100,19
903cb3bb245d,48,49,112353,1,2,1,1,1,0.102052,0.138674,0.062013,9072640,26415104,793772032,973131776,1,100,19
903cb3bb245d,48,48,112413,1,2,1,1,1,0.035645,0.110842,0.056153,9072640,26415104,794304512,973131776,1,100,19
903cb3bb245d,48,49,112473,1,1,1,1,1,0.010742,0.087404,0.050294,9072640,26415104,794169344,973131776,1,100,19
903cb3bb245d,48,49,112533,1,2,1,1,1,0.002441,0.069825,0.044434,9072640,26415104,793993216,973131776,1,100,19
903cb3bb245d,48,49,112593,1,2,1,1,1,0,0.0542,0.038575,9072640,26415104,794218496,973131776,1,100,19
903cb3bb245d,48,49,112653,1,2,1,1,1,0,0.042481,0.032715,9072640,26415104,793915392,973131776,1,100,19
903cb3bb245d,48,49,112713,1,2,1,1,1,0,0.030762,0.026856,9072640,26415104,793960448,973131776,1,100,19
903cb3bb245d,48,49,112773,1,2,1,1,1,0,0.023926,0.020996,9072640,26415104,794050560,973131776,1,100,19
903cb3bb245d,48,49,112833,1,3,1,1,1,0,0.018067,0.015137,9072640,26415104,793796608,973131776,1,100,19
903cb3bb245d,48,49,112893,1,2,1,1,1,0,0.012207,0.009277,9072640,26415104,794152960,973131776,1,100,19
903cb3bb245d,48,49,112953,1,1,1,1,1,0,0.006348,0.003418,9072640,26415104,794042368,973131776,1,100,19
903cb3bb245d,48,49,113013,1,1,1,1,1,0,0.000488,0,9072640,26415104,794169344,973131776,1,100,19
903cb3bb245d,48,49,113073,1,2,1,1,1,0,0,0,9072640,26415104,793915392,973131776,1,100,19
903cb3bb245d,48,49,113133,1,2,1,1,1,0.05127,0.01416,0.00293,9072640,26415104,794288128,973131776,1,100,19
903cb3bb245d,48,49,113193,1,2,1,1,1,0.016602,0.008301,0,9072640,26415104,793866240,973131776,1,100,19
903cb3bb245d,48,49,113253,1,2,1,1,1,0.004395,0.002441,0,9072640,26415104,793948160,973131776,1,100,19
903cb3bb245d,48,49,113314,1,2,1,1,1,0,0,0,9072640,26415104,793796608,973131776,1,100,19
903cb3bb245d,48,49,113374,1,3,1,1,1,0,0,0,9072640,26415104,794050560,973131776,1,100,19
903cb3bb245d,48,49,113434,1,2,1,1,1,0,0,0,9072640,26415104,794255360,973131776,1,100,19
903cb3bb245d,48,49,113494,1,2,1,1,1,0,0,0,9072640,26415104,794169344,973131776,1,100,19
903cb3bb245d,48,49,113554,1,2,1,1,1,0.080079,0.016602,0.005371,9072640,26415104,794144768,973131776,1,100,19
903cb3bb245d,48,49,113614,1,3,1,1,1,0.027344,0.010742,0,9072640,26415104,793763840,973131776,1,100,19
903cb3bb245d,48,49,113674,1,3,1,1,1,0.007813,0.004883,0,9072640,26415104,794423296,973131776,1,100,19
903cb3bb245d,48,49,113794,1,2,1,1,1,0,0,0,9072640,26415104,794345472,973131776,1,100,19
903cb3bb245d,48,49,113854,1,2,1,1,1,0,0,0,9072640,26415104,794017792,973131776,1,100,19
903cb3bb245d,48,49,113914,1,3,1,1,1,0,0,0,9072640,26415104,794533888,973131776,1,100,19
903cb3bb245d,48,49,113974,1,2,1,1,1,0,0,0,9072640,26415104,794542080,973131776,1,100,19
903cb3bb245d,48,49,114034,1,1,1,1,1,0.179202,0.068849,0.022461,9072640,26415104,794296320,973131776,1,100,19
903cb3bb245d,48,49,114094,1,1,1,1,1,0.064454,0.053712,0.016602,9072640,26415104,794296320,973131776,1,100,19
903cb3bb245d,48,49,114154,1,2,1,1,1,0.021973,0.041993,0.010742,9072640,26415104,793993216,973131776,1,100,19
903cb3bb245d,48,49,114214,1,2,1,1,1,0.005859,0.030274,0.004883,9072640,26415104,794398720,973131776,1,100,19
903cb3bb245d,48,49,114274,1,2,1,1,1,0,0.023926,0,9072640,26415104,794271744,973131776,1,100,19
903cb3bb245d,48,49,114274,1,2,1,1,1,0,0.023926,0,9072640,26415104,794271744,973131776,1,100,19
903cb3bb245d,48,49,114335,1,2,1,1,1,0,0.018067,0,9072640,26415104,793899008,973131776,1,100,19
903cb3bb245d,48,49,114395,1,2,1,1,1,0,0.012207,0,9072640,26415104,794091520,973131776,1,100,19
903cb3bb245d,48,49,114395,1,2,1,1,1,0,0.012207,0,9072640,26415104,794091520,973131776,1,100,19
903cb3bb245d,48,49,114455,1,2,1,1,1,0,0.006348,0,9072640,26415104,793948160,973131776,1,100,19
903cb3bb245d,48,49,114515,1,2,1,1,1,0.042969,0.017578,0.001953,9072640,26415104,793890816,973131776,1,100,19
903cb3bb245d,48,49,114575,1,1,1,1,1,0.013672,0.011719,0,9072640,26415104,793468928,973131776,1,100,19
903cb3bb245d,48,49,114635,1,1,1,1,1,0.003418,0.005859,0,9072640,26415104,793264128,973131776,1,100,19
903cb3bb245d,48,49,114695,2,2,2,1,1,0.080079,0.01709,0.005371,9072640,26419200,796479488,973131776,1,100,19
903cb3bb245d,48,49,114755,2,4,2,2,1,0.027344,0.011231,0,9072640,26419200,793325568,973131776,1,100,19
903cb3bb245d,48,49,114815,1,2,1,1,1,0.007813,0.005371,0,9072640,26419200,794316800,973131776,1,100,19
903cb3bb245d,48,49,114875,1,2,1,1,1,0.081544,0.016602,0.005371,9072640,26419200,794812416,973131776,1,100,19
903cb3bb245d,48,49,114935,1,2,1,1,1,0.065919,0.026368,0.005371,9072640,26492928,794779648,973131776,1,100,19
903cb3bb245d,48,49,114995,1,2,1,1,1,0.060548,0.033204,0.005371,9072640,26492928,795402240,973131776,1,100,19
903cb3bb245d,48,49,115055,1,3,1,1,1,0.096681,0.042481,0.005859,9072640,26492928,795189248,973131776,1,100,19
903cb3bb245d,48,49,115115,2,3,2,1,1,0.033204,0.030762,0,9072640,26492928,793772032,973131776,1,100,19
903cb3bb245d,49,50,115175,12,13,12,13,11,0.300786,0.101564,0.02295,9072640,26492928,794292224,973131776,1,100,19
903cb3bb245d,49,51,115235,23,22,25,23,21,0.739757,0.266606,0.085939,9072640,26492928,794316800,973131776,1,100,19
903cb3bb245d,51,52,115296,39,40,40,39,39,1.357931,0.525887,0.187991,9072640,26492928,793935872,973131776,1,100,19
903cb3bb245d,51,52,115356,42,43,42,41,42,1.927764,0.866712,0.329107,9072640,26492928,793722880,973131776,1,100,19
903cb3bb245d,50,52,115416,43,43,42,43,43,2.070344,1.080583,0.437507,9072640,26492928,793309184,973131776,1,100,19
903cb3bb245d,51,53,115476,51,51,51,51,50,2.1514,1.268086,0.542977,9072640,26492928,793440256,973131776,1,100,19
903cb3bb245d,51,53,115536,57,57,57,57,58,3.074754,1.691432,0.736339,9072640,26492928,792543232,973131776,1,100,19
903cb3bb245d,51,53,115596,57,58,57,57,57,2.865766,1.886748,0.864759,9072640,26492928,792768512,973131776,1,100,19
903cb3bb245d,52,54,115716,69,70,69,68,68,4.167544,2.606973,1.249531,9072640,26492928,792780800,973131776,1,100,19
903cb3bb245d,52,54,115776,69,69,68,69,68,4.342351,2.939986,1.450706,9072640,26492928,792453120,973131776,1,100,19
903cb3bb245d,52,54,115836,69,70,69,68,69,3.978088,3.088914,1.597681,9072640,26492928,793231360,973131776,1,100,19
903cb3bb245d,53,54,115896,69,70,68,70,68,4.022034,3.245655,1.74612,9072640,26492928,792690688,973131776,1,100,19
903cb3bb245d,53,54,115956,69,68,69,69,68,4.087465,3.400443,1.895048,9072640,26492928,793047040,973131776,1,100,19
903cb3bb245d,50,51,116017,34,35,34,34,33,2.724163,3.226612,1.936553,9072640,26492928,796872704,973131776,1,100,19
903cb3bb245d,49,50,116077,1,2,1,1,1,0.999039,2.636759,1.812039,9072640,26492928,797003776,973131776,1,100,19
903cb3bb245d,49,50,116137,1,3,1,1,1,0.364752,2.153841,1.696315,9072640,26492928,798941184,973131776,1,100,18
903cb3bb245d,49,50,116197,1,2,1,1,1,0.131838,1.759304,1.587427,9072640,26492928,798982144,973131776,1,100,18
903cb3bb245d,49,50,116257,1,2,1,1,1,0.046387,1.436545,1.485374,9072640,26492928,798937088,973131776,1,100,18
903cb3bb245d,49,50,116317,1,2,1,1,1,0.015137,1.172381,1.38967,9072640,26492928,799137792,973131776,1,100,18
903cb3bb245d,49,50,116377,1,3,1,1,1,0.078126,0.973159,1.305196,9072640,26492928,799436800,973131776,1,100,18
903cb3bb245d,49,50,116437,1,3,1,1,1,0.071778,0.809583,1.225605,9072640,26492928,799645696,973131776,1,100,18
903cb3bb245d,49,49,116497,1,2,1,1,1,0.024903,0.65919,1.146014,9072640,26492928,800276480,973131776,1,100,18
903cb3bb245d,49,49,116557,2,2,1,1,3,0.075196,0.552743,1.076677,9072640,26492928,800247808,973131776,1,100,18
903cb3bb245d,48,49,116617,1,1,2,1,1,0.025391,0.449714,1.006363,9072640,26488832,800018432,973131776,1,100,18
903cb3bb245d,48,49,116677,1,2,1,1,1,0.007324,0.364752,0.940932,9072640,26488832,800305152,973131776,1,100,18
903cb3bb245d,48,49,116737,1,2,1,1,1,0.000488,0.295903,0.879408,9072640,26488832,800489472,973131776,1,100,18
903cb3bb245d,48,49,116797,1,2,1,1,1,0.05127,0.254887,0.826673,9072640,26488832,800538624,973131776,1,100,18
903cb3bb245d,48,49,116857,1,2,1,1,1,0.016602,0.20557,0.772961,9072640,26488832,800632832,973131776,1,100,18
903cb3bb245d,48,49,116917,1,2,1,1,1,0.004395,0.166018,0.720714,9072640,26488832,800501760,973131776,1,100,18
903cb3bb245d,48,49,116978,1,2,1,1,1,0,0.133303,0.673838,9072640,26488832,800423936,973131776,1,100,18
903cb3bb245d,48,49,117038,1,1,1,1,1,0,0.106447,0.627939,9072640,26488832,800526336,973131776,1,100,18
903cb3bb245d,48,49,117098,1,1,1,1,1,0,0.083986,0.586923,9072640,26488832,800509952,973131776,1,100,18
903cb3bb245d,48,49,117158,1,2,1,1,1,0.042969,0.082033,0.551766,9072640,26488832,800653312,973131776,1,100,18
903cb3bb245d,48,49,117278,1,2,1,1,1,0.071778,0.066896,0.486336,9072640,26488832,800567296,973131776,1,100,18
903cb3bb245d,48,49,117338,1,2,1,1,1,0.024903,0.052247,0.451667,9072640,26488832,800559104,973131776,1,100,18
903cb3bb245d,48,49,117398,1,2,1,1,1,0.048341,0.055177,0.428229,9072640,26488832,800534528,973131776,1,100,18
903cb3bb245d,48,49,117458,1,1,1,1,0,0.015625,0.043458,0.398932,9072640,26488832,800710656,973131776,1,100,18
903cb3bb245d,48,49,117518,1,2,1,1,1,0.061524,0.048829,0.375494,9072640,26488832,800190464,973131776,1,100,18
903cb3bb245d,48,49,117578,1,2,1,1,1,0.020508,0.03711,0.349615,9072640,26488832,800432128,973131776,1,100,18
903cb3bb245d,48,49,117638,1,2,1,1,1,0.005371,0.027344,0.326177,9072640,26488832,800534528,973131776,1,100,18
903cb3bb245d,48,49,117698,1,2,1,1,1,0,0.021485,0.302739,9072640,26488832,800559104,973131776,1,100,18
903cb3bb245d,48,48,117758,1,2,1,1,1,0,0.015625,0.279301,9072640,26488832,800546816,973131776,1,100,18
903cb3bb245d,48,48,117818,1,2,1,1,1,0.039063,0.025879,0.264164,9072640,26488832,800591872,973131776,1,100,18
903cb3bb245d,48,48,117878,1,1,1,1,1,0.012207,0.02002,0.246586,9072640,26488832,800718848,973131776,1,100,18
903cb3bb245d,48,49,117938,2,3,1,1,2,0.07715,0.030762,0.234867,9072640,26488832,800567296,973131776,1,100,18
903cb3bb245d,48,49,117999,1,1,1,1,1,0.026856,0.023926,0.217288,9072640,26488832,800583680,973131776,1,100,18
903cb3bb245d,48,48,118059,1,1,1,1,1,0.007813,0.018067,0.19971,9072640,26488832,800591872,973131776,1,100,18
903cb3bb245d,48,49,118119,1,1,1,2,1,0.000977,0.012207,0.182132,9072640,26488832,800694272,973131776,1,100,18
903cb3bb245d,48,48,118179,1,1,1,2,1,0,0.006348,0.169924,9072640,26488832,800542720,973131776,1,100,18
903cb3bb245d,48,49,118239,1,1,1,1,1,0.035645,0.017578,0.164065,9072640,26488832,800784384,973131776,1,100,18
903cb3bb245d,48,48,118299,1,1,1,1,1,0.158694,0.044923,0.163577,9072640,26488832,800346112,973131776,1,100,18
903cb3bb245d,48,48,118359,1,2,1,1,1,0.056153,0.033204,0.151858,9072640,26488832,800608256,973131776,1,100,18
903cb3bb245d,47,48,118419,1,2,1,1,1,0.018555,0.025391,0.140139,9072640,26488832,800522240,973131776,1,100,18
903cb3bb245d,47,48,118479,1,2,1,1,1,0.004883,0.019532,0.12842,9072640,26488832,800624640,973131776,1,100,18
903cb3bb245d,48,49,118539,1,2,1,1,1,0,0.013672,0.116701,9072640,26488832,800370688,973131776,1,100,18
903cb3bb245d,47,48,118599,1,3,1,1,1,0,0.007813,0.104982,9072640,26488832,800473088,973131776,1,100,18
903cb3bb245d,48,48,118659,1,3,1,1,1,0.105959,0.034668,0.104982,9072640,26488832,800448512,973131776,1,100,18
903cb3bb245d,48,48,118719,1,1,1,1,1,0.03711,0.025879,0.093263,9072640,26488832,800624640,973131776,1,100,18
903cb3bb245d,47,48,118779,1,2,1,1,1,0.011231,0.02002,0.085939,9072640,26488832,800370688,973131776,1,100,18
903cb3bb245d,47,48,118899,1,2,1,1,1,0,0.008301,0.07422,9072640,26488832,800600064,973131776,1,100,18
903cb3bb245d,47,48,118959,1,2,1,1,1,0.073243,0.019532,0.07422,9072640,26488832,800927744,973131776,1,100,18
903cb3bb245d,47,48,119020,1,2,1,1,1,0.024903,0.013672,0.06836,9072640,26488832,800481280,973131776,1,100,18
903cb3bb245d,47,48,119080,1,3,1,1,1,0.089357,0.037598,0.073732,9072640,26488832,800735232,973131776,1,100,18
903cb3bb245d,47,48,119140,1,1,1,1,1,0.030762,0.027344,0.067872,9072640,26488832,800505856,973131776,1,100,18
903cb3bb245d,47,48,119200,1,1,1,1,1,0.009277,0.021485,0.062013,9072640,26488832,801030144,973131776,1,100,18
903cb3bb245d,47,48,119260,1,1,1,1,1,0.001465,0.015625,0.056153,9072640,26488832,800600064,973131776,1,100,18
903cb3bb245d,47,48,119320,1,1,1,1,1,0,0.009766,0.050294,9072640,26488832,800751616,973131776,1,100,18
903cb3bb245d,47,48,119380,1,2,1,1,1,0,0.003906,0.044434,9072640,26488832,800727040,973131776,1,100,18
903cb3bb245d,47,48,119440,1,2,1,1,1,0.029786,0.015137,0.044434,9072640,26488832,800219136,973131776,1,100,18
903cb3bb245d,48,48,119500,1,2,1,1,1,0.008789,0.009277,0.038575,9072640,26488832,800583680,973131776,1,100,18
903cb3bb245d,47,48,119560,1,2,1,1,1,0.001465,0.003418,0.032715,9072640,26488832,800370688,973131776,1,100,18
903cb3bb245d,47,48,119620,1,2,1,1,1,0,0,0.026856,9072640,26488832,800694272,973131776,1,100,18
903cb3bb245d,47,48,119680,1,1,1,1,1,0.073243,0.016114,0.026856,9072640,26488832,800927744,973131776,1,100,18
903cb3bb245d,47,48,119740,1,1,1,1,1,0.024903,0.010254,0.020996,9072640,26488832,801005568,973131776,1,100,18
903cb3bb245d,47,48,119800,1,1,1,1,1,0.006836,0.004395,0.015137,9072640,26488832,800600064,973131776,1,100,18
903cb3bb245d,47,48,119860,1,1,1,1,1,0.000488,0,0.009277,9072640,26488832,800497664,973131776,1,100,18
903cb3bb245d,47,48,119920,1,1,1,1,1,0.039063,0.012696,0.009277,9072640,26488832,800403456,973131776,1,100,18
903cb3bb245d,47,48,119980,1,2,1,1,1,0.012207,0.006836,0.003418,9072640,26488832,800776192,973131776,1,100,18
903cb3bb245d,47,48,120040,1,2,1,1,1,0.00293,0.000977,0,9072640,26488832,800440320,973131776,1,100,18
903cb3bb245d,47,48,120101,1,2,1,1,1,0.04004,0.012696,0.001465,9072640,26488832,800583680,973131776,1,100,18
903cb3bb245d,47,48,120161,1,2,1,1,1,0.012696,0.006836,0,9072640,26488832,800550912,973131776,1,100,18
903cb3bb245d,47,48,120221,1,2,1,1,1,0.00293,0.000977,0,9072640,26488832,801132544,973131776,1,100,18
903cb3bb245d,47,48,120281,1,2,1,1,1,0,0,0,9072640,26488832,800337920,973131776,1,100,18
903cb3bb245d,47,48,120341,1,2,1,1,1,0,0,0,9072640,26488832,800829440,973131776,1,100,18
903cb3bb245d,47,48,120461,1,3,1,1,1,0.061524,0.025879,0.005371,9072640,26488832,801030144,973131776,1,100,18
903cb3bb245d,47,48,120521,2,3,1,1,1,0.106447,0.048829,0.011231,9072640,26488832,800407552,973131776,1,100,18
903cb3bb245d,47,48,120581,1,2,1,1,1,0.03711,0.03711,0.005371,9072640,26488832,800473088,973131776,1,100,18
903cb3bb245d,47,48,120641,1,1,1,1,1,0.011231,0.027344,0,9072640,26488832,800776192,973131776,1,100,18
903cb3bb245d,47,48,120701,1,2,1,1,1,0.002441,0.021485,0,9072640,26488832,800641024,973131776,1,100,18
903cb3bb245d,47,48,120761,1,1,1,1,1,0,0.015625,0,9072640,26488832,800854016,973131776,1,100,18
903cb3bb245d,47,48,120821,1,1,1,1,1,0,0.009766,0,9072640,26488832,800542720,973131776,1,100,18
903cb3bb245d,47,48,120881,1,2,1,1,1,0,0.003906,0,9072640,26488832,800718848,973131776,1,100,18
903cb3bb245d,47,48,120941,1,2,1,1,1,0,0,0,9072640,26488832,800776192,973131776,1,100,18
903cb3bb245d,47,48,121001,1,2,1,1,1,0,0,0,9072640,26488832,800632832,973131776,1,100,18
903cb3bb245d,47,48,121061,1,2,1,1,1,0,0,0,9072640,26488832,800514048,973131776,1,100,18
903cb3bb245d,47,48,121122,1,2,1,1,1,0,0,0,9072640,26488832,800632832,973131776,1,100,18
903cb3bb245d,47,48,121182,1,2,1,1,1,0.056153,0.014649,0.003418,9072640,26488832,800768000,973131776,1,100,18
903cb3bb245d,47,48,121242,1,2,1,1,1,0.018555,0.008789,0,9072640,26488832,800129024,973131776,1,100,18
903cb3bb245d,47,48,121302,1,2,1,1,1,0.004883,0.00293,0,9072640,26488832,800616448,973131776,1,100,18
903cb3bb245d,47,48,121362,1,3,1,1,1,0,0,0,9072640,26488832,800903168,973131776,1,100,18
903cb3bb245d,47,48,121422,1,3,1,1,1,0.080079,0.016602,0.005371,9072640,26488832,800702464,973131776,1,100,18
903cb3bb245d,47,48,121482,1,2,1,1,1,0.147463,0.042969,0.011231,9072640,26488832,800542720,973131776,1,100,18
903cb3bb245d,47,48,121542,1,3,1,1,1,0.131838,0.048341,0.011231,9072640,26488832,800878592,973131776,1,100,18
903cb3bb245d,47,48,121602,1,2,1,1,1,0.046387,0.036622,0.005371,9072640,26488832,801140736,973131776,1,100,18
903cb3bb245d,47,48,121662,1,1,1,1,1,0.015137,0.026856,0,9072640,26488832,800600064,973131776,1,100,18
903cb3bb245d,47,48,121722,1,1,1,1,1,0.003906,0.020996,0,9072640,26488832,800600064,973131776,1,100,18
903cb3bb245d,47,48,121782,1,2,1,1,1,0,0.015137,0,9072640,26488832,800583680,973131776,1,100,18
903cb3bb245d,47,48,121842,1,2,1,1,1,0.083986,0.039551,0.007324,9072640,26488832,800497664,973131776,1,100,18
903cb3bb245d,47,48,121902,1,2,1,1,1,0.029297,0.028321,0.001465,9072640,26488832,800489472,973131776,1,100,18
903cb3bb245d,47,48,122022,1,2,1,1,1,0.001465,0.016602,0,9072640,26488832,800337920,973131776,1,100,18
903cb3bb245d,47,48,122082,1,2,1,1,1,0,0.010742,0,9072640,26492928,801902592,973131776,1,100,18
903cb3bb245d,47,48,122143,2,3,1,1,1,0,0.004883,0,9072640,26492928,802414592,973131776,1,100,18
903cb3bb245d,47,48,122203,1,2,1,1,1,0.097169,0.044434,0.011231,9072640,26492928,802504704,973131776,1,100,18
903cb3bb245d,47,48,122263,1,1,1,1,1,0.033692,0.032715,0.005371,9072640,26492928,803041280,973131776,1,100,18
903cb3bb245d,47,48,122323,1,2,1,1,1,0.010254,0.024903,0,9072640,26492928,802533376,973131776,1,100,18
903cb3bb245d,47,48,122383,1,2,1,1,1,0.001953,0.019043,0,9072640,26492928,802693120,973131776,1,100,18
903cb3bb245d,47,48,122443,1,2,1,1,1,0.05127,0.028321,0.00293,9072640,26492928,802603008,973131776,1,100,18
903cb3bb245d,47,48,122503,1,2,1,1,1,0.016602,0.022461,0,9072640,26492928,803016704,973131776,1,100,18
903cb3bb245d,47,48,122563,1,2,1,1,1,0.004395,0.016602,0,9072640,26492928,802824192,973131776,1,100,18
903cb3bb245d,47,48,122623,1,2,1,1,1,0,0.010742,0,9072640,26492928,803184640,973131776,1,100,18
903cb3bb245d,47,48,122683,1,2,1,1,1,0,0.004883,0,9072640,26492928,803024896,973131776,1,100,18
903cb3bb245d,47,48,122743,1,3,1,1,1,0,0,0,9072640,26492928,802861056,973131776,1,100,18
903cb3bb245d,47,48,122803,1,2,1,1,1,0,0,0,9072640,26492928,803115008,973131776,1,100,18
903cb3bb245d,47,48,122863,1,2,1,1,1,0,0,0,9072640,26492928,803368960,973131776,1,100,18
903cb3bb245d,47,48,122923,1,2,1,1,1,0,0,0,9072640,26492928,803147776,973131776,1,100,18
903cb3bb245d,47,48,122983,1,2,1,1,1,0,0,0,9072640,26492928,803643392,973131776,1,100,18
903cb3bb245d,47,48,123043,1,2,1,1,1,0.061524,0.015137,0.003906,9072640,26492928,803348480,973131776,1,100,18
903cb3bb245d,47,48,123104,1,2,1,1,1,0.065431,0.025879,0.003906,9072640,26492928,803422208,973131776,1,100,18
903cb3bb245d,47,48,123164,1,2,1,1,1,0.021973,0.02002,0,9072640,26492928,803221504,973131776,1,100,18
903cb3bb245d,47,48,123224,1,2,1,1,1,0.005859,0.01416,0,9072640,26492928,803348480,973131776,1,100,18
903cb3bb245d,47,48,123284,1,3,1,1,1,0.07422,0.025391,0.004883,9072640,26492928,803262464,973131776,1,100,18
903cb3bb245d,47,48,123344,1,3,1,1,1,0.025391,0.019532,0,9072640,26492928,803405824,973131776,1,100,18
903cb3bb245d,47,48,123464,1,2,1,1,1,0.000488,0.007813,0,9072640,26492928,803168256,973131776,1,100,18
903cb3bb245d,47,48,123524,1,2,1,1,1,0,0.001953,0,9072640,26492928,803692544,973131776,1,100,18
903cb3bb245d,47,48,123584,1,2,1,1,1,0,0,0,9072640,26492928,803995648,973131776,1,100,18
903cb3bb245d,47,48,123644,1,2,1,1,1,0.039063,0.012696,0.001465,9072640,26492928,802787328,973131776,1,100,18
903cb3bb245d,47,48,123704,1,2,1,1,1,0.012207,0.006836,0,9072640,26492928,802635776,973131776,1,100,18
903cb3bb245d,47,48,123764,1,2,1,1,1,0.00293,0.000977,0,9072640,26492928,802959360,973131776,1,100,18
903cb3bb245d,47,48,123824,1,2,1,1,1,0,0,0,9072640,26492928,803119104,973131776,1,100,18
903cb3bb245d,47,48,123884,1,3,1,1,1,0,0,0,9072640,26492928,803192832,973131776,1,100,18
903cb3bb245d,47,48,123944,1,3,1,1,1,0,0,0,9072640,26492928,803151872,973131776,1,100,18
903cb3bb245d,47,48,124004,1,2,1,1,1,0,0,0,9072640,26492928,803446784,973131776,1,100,18
903cb3bb245d,47,48,124064,1,2,1,1,1,0.029786,0.011231,0,9072640,26492928,803184640,973131776,1,100,18
903cb3bb245d,47,48,124125,1,2,1,1,1,0.008789,0.005371,0,9072640,26492928,802971648,973131776,1,100,18
903cb3bb245d,47,48,124185,1,2,1,1,1,0.039063,0.016602,0.000977,9072640,26492928,803368960,973131776,1,100,18
903cb3bb245d,47,48,124245,1,3,1,1,1,0.012207,0.010742,0,9072640,26492928,803241984,973131776,1,100,18
903cb3bb245d,47,48,124305,1,3,1,1,1,0.00293,0.004883,0,9072640,26492928,803655680,973131776,1,100,18
903cb3bb245d,47,48,124365,1,3,1,1,1,0.062989,0.028321,0.005371,9072640,26492928,803434496,973131776,1,100,18
903cb3bb245d,47,48,124425,1,3,1,1,1,0.056153,0.034668,0.005371,9072640,26492928,803307520,973131776,1,100,18
903cb3bb245d,47,48,124485,2,4,1,1,1,0.018555,0.025879,0,9072640,26492928,803307520,973131776,1,100,18
903cb3bb245d,47,48,124545,1,2,1,1,1,0.004883,0.02002,0,9072640,26492928,803098624,973131776,1,100,18
903cb3bb245d,47,48,124605,1,2,1,1,1,0,0.01416,0,9072640,26492928,803528704,973131776,1,100,18
903cb3bb245d,47,48,124665,1,2,1,1,1,0,0.008301,0,9072640,26492928,803639296,973131776,1,100,18
903cb3bb245d,47,48,124725,1,2,1,1,1,0,0.002441,0,9072640,26492928,803291136,973131776,1,100,18
903cb3bb245d,47,48,124845,1,2,1,1,1,0.160159,0.033204,0.010742,9072640,26492928,803454976,973131776,1,100,18
903cb3bb245d,47,48,124905,1,2,1,1,1,0.056153,0.025391,0.004883,9072640,26492928,803913728,973131776,1,100,18
903cb3bb245d,47,48,124965,1,2,1,1,1,0.018555,0.019532,0,9072640,26492928,803229696,973131776,1,100,18
903cb3bb245d,47,48,125025,1,3,1,1,1,0.066896,0.029297,0.003906,9072640,26492928,803262464,973131776,1,100,18
903cb3bb245d,47,48,125085,1,3,1,1,1,0.022461,0.023438,0,9072640,26492928,803270656,973131776,1,100,18
903cb3bb245d,47,48,125146,1,1,1,1,1,0.005859,0.017578,0,9072640,26492928,802979840,973131776,1,100,18
903cb3bb245d,47,48,125206,1,1,1,1,1,0,0.011719,0,9072640,26492928,803209216,973131776,1,100,18
903cb3bb245d,47,48,125266,1,2,1,1,1,0,0.005859,0,9072640,26492928,803336192,973131776,1,100,18
903cb3bb245d,47,48,125326,1,2,1,1,1,0.039063,0.017578,0.001465,9072640,26492928,803274752,973131776,1,100,18
903cb3bb245d,47,48,125386,1,2,1,1,1,0.044434,0.026368,0.001465,9072640,26492928,803528704,973131776,1,100,18
903cb3bb245d,47,48,125446,1,2,1,1,1,0.01416,0.020508,0,9072640,26492928,803815424,973131776,1,100,18
903cb3bb245d,47,48,125506,1,2,1,1,1,0.003418,0.014649,0,9072640,26492928,803414016,973131776,1,100,18
903cb3bb245d,47,48,125566,1,3,1,1,1,0,0.008789,0,9072640,26492928,803573760,973131776,1,100,18
903cb3bb245d,47,48,125626,1,3,1,1,1,0.095216,0.033692,0.007813,9072640,26492928,803971072,973131776,1,100,18
903cb3bb245d,47,48,125686,1,2,1,1,1,0.032715,0.025391,0.001953,9072640,26492928,803463168,973131776,1,100,18
903cb3bb245d,47,48,125746,1,2,1,1,1,0.009766,0.019532,0,9072640,26492928,803106816,973131776,1,100,18
903cb3bb245d,47,48,125806,1,2,1,1,1,0.001953,0.013672,0,9072640,26492928,803065856,973131776,1,100,18
903cb3bb245d,47,48,125866,1,2,1,1,1,0,0.007813,0,9072640,26492928,803504128,973131776,1,100,18
903cb3bb245d,47,48,125926,1,2,1,1,1,0,0.001953,0,9072640,26492928,803688448,973131776,1,100,18
903cb3bb245d,47,48,125986,1,2,1,1,1,0,0,0,9072640,26492928,803721216,973131776,1,100,18
903cb3bb245d,47,48,126046,1,2,1,1,1,0,0,0,9072640,26492928,803221504,973131776,1,100,18
903cb3bb245d,47,48,126106,1,2,1,1,1,0,0,0,9072640,26492928,803491840,973131776,1,100,18
903cb3bb245d,47,48,126167,1,3,1,1,1,0,0,0,9072640,26492928,803872768,973131776,1,100,18
903cb3bb245d,47,48,126227,1,2,1,1,1,0,0,0,9072640,26492928,803110912,973131776,1,100,18
903cb3bb245d,47,48,126287,1,2,1,1,1,0,0,0,9072640,26492928,802959360,973131776,1,100,18
903cb3bb245d,47,48,126347,1,2,1,1,1,0.066896,0.015625,0.004395,9072640,26492928,803131392,973131776,1,100,18
903cb3bb245d,47,48,126407,1,2,1,1,1,0.063966,0.025879,0.004395,9072640,26492928,802861056,973131776,1,100,18
903cb3bb245d,47,48,126527,1,2,1,1,1,0.005859,0.01416,0,9072640,26492928,803540992,973131776,1,100,18
903cb3bb245d,47,48,126587,1,2,1,1,1,0,0.008301,0,9072640,26492928,803348480,973131776,1,100,18
903cb3bb245d,47,48,169950,1,2,1,1,1,0.032715,0.011719,0.000488,9072640,26492928,804323328,973131776,1,100,18
903cb3bb245d,47,48,170010,1,3,1,1,1,0.009766,0.005859,0,9072640,26492928,804462592,973131776,1,100,18
903cb3bb245d,47,48,170070,2,4,1,1,1,0.218753,0.049805,0.015625,9072640,26492928,804184064,973131776,1,100,18
903cb3bb245d,48,49,170130,23,24,24,21,20,0.486824,0.172854,0.060548,9072640,26492928,803995648,973131776,1,100,18
903cb3bb245d,48,49,170190,23,23,24,22,22,1.095232,0.367193,0.132815,9072640,26492928,802963456,973131776,1,100,18
903cb3bb245d,47,48,170250,19,19,19,18,19,0.741711,0.40528,0.162112,9072640,26492928,803852288,973131776,1,100,18
903cb3bb245d,47,48,170310,1,1,1,1,1,0.270512,0.329107,0.150393,9072640,26492928,803160064,973131776,1,100,18
903cb3bb245d,47,48,170370,1,1,1,1,1,0.097658,0.266606,0.138674,9072640,26492928,803573760,973131776,1,100,18
903cb3bb245d,47,48,170431,1,2,1,1,1,0.033692,0.215335,0.126955,9072640,26492928,803647488,973131776,1,100,18
903cb3bb245d,47,48,170491,1,1,1,1,1,0.010254,0.173342,0.115236,9072640,26492928,803573760,973131776,1,100,18
903cb3bb245d,47,48,170551,1,2,1,1,1,0.039063,0.154299,0.109377,9072640,26492928,803287040,973131776,1,100,18
903cb3bb245d,47,48,170611,1,2,1,1,1,0.012207,0.123537,0.097658,9072640,26492928,803471360,973131776,1,100,18
903cb3bb245d,47,48,170671,1,2,1,1,1,0.065919,0.114748,0.092775,9072640,26492928,803344384,973131776,1,100,18
903cb3bb245d,47,48,170731,1,1,1,1,1,0.022461,0.09131,0.085939,9072640,26492928,803217408,973131776,1,100,18
903cb3bb245d,47,48,170791,1,1,1,1,1,0.005859,0.072755,0.080079,9072640,26492928,804057088,973131776,1,100,18
903cb3bb245d,47,48,170851,1,1,1,1,1,0,0.056153,0.07422,9072640,26492928,803319808,973131776,1,100,18
903cb3bb245d,47,48,170911,1,2,2,1,1,0.042969,0.058106,0.07422,9072640,26492928,803471360,973131776,1,100,18
903cb3bb245d,47,48,170971,1,2,1,1,1,0.013672,0.046387,0.06836,9072640,26492928,803319808,973131776,1,100,18
903cb3bb245d,47,48,171031,1,1,1,1,1,0.003418,0.034668,0.062501,9072640,26492928,803217408,973131776,1,100,18
903cb3bb245d,47,48,171091,1,1,1,1,1,0,0.025879,0.056641,9072640,26492928,803344384,973131776,1,100,18
903cb3bb245d,47,48,171151,1,1,1,1,1,0,0.02002,0.050782,9072640,26492928,803352576,973131776,1,100,18
903cb3bb245d,47,48,171211,1,2,1,1,1,0,0.01416,0.044923,9072640,26492928,803631104,973131776,1,100,18
903cb3bb245d,47,48,171271,1,2,1,1,1,0,0.008301,0.039063,9072640,26492928,803663872,973131776,1,100,18
903cb3bb245d,47,48,171331,1,2,1,1,1,0,0.002441,0.033204,9072640,26492928,803479552,973131776,1,100,18
903cb3bb245d,47,48,171391,1,2,1,1,1,0,0,0.027344,9072640,26492928,803258368,973131776,1,100,18
903cb3bb245d,47,48,171452,1,2,1,1,1,0,0,0.021485,9072640,26492928,803512320,973131776,1,100,18
903cb3bb245d,47,48,171512,1,2,1,1,1,0,0,0.015625,9072640,26492928,803520512,973131776,1,100,18
903cb3bb245d,47,48,171572,1,2,1,1,1,0,0,0.009766,9072640,26492928,803442688,973131776,1,100,18
903cb3bb245d,47,48,171632,1,1,2,1,1,0,0,0.003906,9072640,26492928,803418112,973131776,1,100,18
903cb3bb245d,47,48,171752,1,2,1,1,1,0,0,0,9072640,26492928,803119104,973131776,1,100,18
903cb3bb245d,47,48,171812,1,2,1,1,1,0,0,0,9072640,26492928,803803136,973131776,1,100,18
903cb3bb245d,47,48,171872,1,2,1,1,1,0.080079,0.016602,0.005371,9072640,26492928,803561472,973131776,1,100,18
903cb3bb245d,47,48,171932,1,1,1,1,1,0.027344,0.010742,0,9072640,26492928,803340288,973131776,1,100,18
903cb3bb245d,47,48,171992,1,2,1,1,1,0.007813,0.004883,0,9072640,26492928,803430400,973131776,1,100,18
903cb3bb245d,47,48,172052,1,2,1,1,1,0.050294,0.016114,0.002441,9072640,26492928,803696640,973131776,1,100,18
903cb3bb245d,47,48,172112,1,2,1,1,1,0.016602,0.010254,0,9072640,26492928,803528704,973131776,1,100,18
903cb3bb245d,47,48,172172,1,2,1,1,1,0.004395,0.004395,0,9072640,26492928,803721216,973131776,1,100,18
903cb3bb245d,47,48,172232,1,2,1,1,1,0,0,0,9072640,26492928,803418112,973131776,1,100,18
903cb3bb245d,47,48,172292,1,2,1,1,1,0,0,0,9072640,26492928,803418112,973131776,1,100,18
903cb3bb245d,47,48,172352,1,2,1,1,2,0.136721,0.043458,0.013184,9072640,26492928,803729408,973131776,1,100,18
903cb3bb245d,47,48,172412,1,2,1,1,1,0.12256,0.048829,0.013184,9072640,26492928,803942400,973131776,1,100,18
903cb3bb245d,47,48,172473,1,2,1,1,1,0.042969,0.03711,0.007324,9072640,26492928,804143104,973131776,1,100,18
903cb3bb245d,47,48,172533,1,1,1,1,1,0.013672,0.027344,0.001465,9072640,26492928,803618816,973131776,1,100,18
903cb3bb245d,47,48,172593,1,2,1,1,1,0.003418,0.021485,0,9072640,26488832,803618816,973131776,1,100,18
903cb3bb245d,47,48,172653,1,2,1,1,1,0,0.015625,0,9072640,26488832,803065856,973131776,1,100,18
903cb3bb245d,47,48,172713,1,2,1,1,1,0,0.009766,0,9072640,26492928,799330304,973131776,1,100,18
903cb3bb245d,47,48,172773,1,2,1,1,1,0,0.003906,0,9072640,26492928,799211520,973131776,1,100,18
903cb3bb245d,47,48,172833,1,2,1,1,1,0.032715,0.015137,0.000488,9072640,26492928,799465472,973131776,1,100,18
903cb3bb245d,47,48,172893,1,2,1,1,1,0.009766,0.009277,0,9072640,26492928,799338496,973131776,1,100,18
903cb3bb245d,47,48,172953,1,3,1,1,1,0.001953,0.003418,0,9072640,26492928,798703616,973131776,1,100,18
903cb3bb245d,47,48,173013,1,2,1,1,1,0,0,0,9072640,26492928,798900224,973131776,1,100,18
903cb3bb245d,47,48,173073,1,2,1,1,1,0.032715,0.011719,0.000488,9072640,26492928,798937088,973131776,1,100,18
903cb3bb245d,47,48,173133,1,2,1,1,1,0.009766,0.005859,0,9072640,26492928,799244288,973131776,1,100,18
903cb3bb245d,47,48,173193,1,2,1,1,1,0.001953,0,0,9072640,26492928,799326208,973131776,1,100,18
903cb3bb245d,47,48,173313,1,3,1,1,1,0.394049,0.083009,0.026856,9072640,26492928,799772672,973131776,1,100,18
903cb3bb245d,48,49,173373,17,18,17,17,16,0.643076,0.207034,0.072755,9072640,26492928,799911936,973131776,1,100,18
903cb3bb245d,49,50,173434,32,34,32,31,33,1.527367,0.512703,0.18555,9072640,26492928,799416320,973131776,1,100,18
903cb3bb245d,50,52,173494,49,49,49,48,48,2.108919,0.875013,0.332525,9072640,26492928,798040064,973131776,1,100,18
903cb3bb245d,50,52,173494,49,49,49,48,48,2.108919,0.875013,0.332525,9072640,26492928,798040064,973131776,1,100,18
903cb3bb245d,50,52,173554,57,57,57,57,57,2.723674,1.254414,0.49659,9072640,26492928,798404608,973131776,1,100,19
903cb3bb245d,51,52,173614,66,67,66,65,66,3.81207,1.808621,0.735363,9072640,26492928,797749248,973131776,1,100,19
903cb3bb245d,51,52,173674,69,70,68,68,69,4.199771,2.273472,0.963394,9072640,26492928,797257728,973131776,1,100,19
903cb3bb245d,51,52,173734,68,70,68,69,67,3.976623,2.559121,1.146014,9072640,26492928,797175808,973131776,1,100,19
903cb3bb245d,51,52,173734,68,70,68,69,67,3.976623,2.559121,1.146014,9072640,26492928,797175808,973131776,1,100,19
903cb3bb245d,51,53,173794,69,70,68,69,69,4.226627,2.88481,1.348165,9072640,26492928,797601792,973131776,1,100,19
903cb3bb245d,51,52,173854,69,69,68,69,68,3.681209,2.980514,1.479515,9072640,26492928,797241344,973131776,1,100,19
903cb3bb245d,51,53,173914,69,70,69,68,68,4.084047,3.202197,1.650904,9072640,26492928,796815360,973131776,1,100,18
903cb3bb245d,48,49,173974,13,13,12,13,12,1.698268,2.700725,1.575708,9072640,26492928,798912512,973131776,1,100,18
903cb3bb245d,48,48,174034,1,2,1,1,1,0.621592,2.206577,1.474144,9072640,26492928,799240192,973131776,1,100,18
903cb3bb245d,48,49,174094,1,2,1,1,1,0.338872,1.832547,1.389181,9072640,26492928,799371264,973131776,1,100,18
903cb3bb245d,48,48,174215,1,2,1,1,1,0.042969,1.220722,1.215351,9072640,26492928,800051200,973131776,1,100,18
903cb3bb245d,48,48,174275,1,1,1,1,1,0.013672,0.995621,1.136736,9072640,26492928,800354304,973131776,1,100,18
903cb3bb245d,48,48,174335,1,2,1,1,1,0.003418,0.811048,1.062516,9072640,26492928,800157696,973131776,1,100,18
903cb3bb245d,47,48,174395,1,2,2,1,1,0.05127,0.67628,0.997574,9072640,26492928,800473088,973131776,1,100,18
903cb3bb245d,47,48,174455,1,2,1,1,1,0.016602,0.550301,0.93312,9072640,26492928,800870400,973131776,1,100,18
903cb3bb245d,48,48,174515,1,1,1,1,1,0.042481,0.461921,0.877455,9072640,26492928,801071104,973131776,1,100,18
903cb3bb245d,47,48,174575,1,2,1,1,1,0.013672,0.375494,0.81886,9072640,26492928,801132544,973131776,1,100,18
903cb3bb245d,48,48,174635,1,2,1,1,1,0.003418,0.304692,0.765637,9072640,26492928,801136640,973131776,1,100,18
903cb3bb245d,47,48,174695,1,2,1,1,1,0,0.247074,0.714366,9072640,26492928,801665024,973131776,1,100,18
903cb3bb245d,47,48,174755,2,2,1,1,2,0,0.199222,0.667491,9072640,26492928,801714176,973131776,1,100,18
903cb3bb245d,47,48,174815,1,2,1,1,1,0,0.160647,0.622568,9072640,26492928,801353728,973131776,1,100,18
903cb3bb245d,48,48,174875,1,1,1,1,1,0,0.128908,0.581552,9072640,26492928,801275904,973131776,1,100,18
903cb3bb245d,50,50,174935,1,1,1,1,1,0,0.103029,0.541024,9072640,26492928,801460224,973131776,1,100,18
903cb3bb245d,54,55,174995,1,2,1,1,1,0,0.081544,0.505867,9072640,26492928,801816576,973131776,1,100,18
903cb3bb245d,61,62,175055,1,2,1,1,1,0,0.063966,0.47071,9072640,26492928,801411072,973131776,1,100,18
903cb3bb245d,66,66,175115,1,2,1,1,1,0,0.050294,0.438483,9072640,26492928,801460224,973131776,1,100,18
903cb3bb245d,71,73,175176,18,19,18,17,17,1.188495,0.302251,0.49659,9072640,26492928,800063488,973131776,1,100,18
903cb3bb245d,73,76,175236,69,70,69,68,68,3.584527,1.13576,0.771496,9072640,26492928,800055296,973131776,1,100,18
903cb3bb245d,74,77,175296,69,69,68,68,69,4.130434,1.725124,0.998062,9072640,26492928,799617024,973131776,1,100,18
903cb3bb245d,74,76,175356,69,70,69,68,69,3.88629,2.118685,1.183612,9072640,26492928,799817728,973131776,1,100,18
903cb3bb245d,73,75,175416,69,70,68,68,68,4.021057,2.492226,1.37258,9072640,26492928,799498240,973131776,1,100,18
903cb3bb245d,72,74,175476,69,70,68,68,68,3.629938,2.673869,1.507836,9072640,26492928,800043008,973131776,1,100,18
903cb3bb245d,71,73,175536,68,68,68,69,69,3.696834,2.848188,1.641627,9072640,26492928,799891456,973131776,1,100,18
903cb3bb245d,70,72,175596,69,69,69,68,69,3.681209,2.974166,1.760769,9072640,26492928,799416320,973131776,1,100,18
903cb3bb245d,69,71,175656,69,69,69,69,69,4.164614,3.214405,1.920928,9072640,26492928,799567872,973131776,1,100,18
903cb3bb245d,56,58,175777,78,78,78,77,78,5.111894,3.818418,2.297887,9072640,26492928,798547968,973131776,1,100,18
903cb3bb245d,50,52,175837,84,85,84,84,85,5.697841,4.219791,2.532265,9072640,26492928,798212096,973131776,1,100,18
903cb3bb245d,50,52,175897,84,85,84,84,84,6.082612,4.606516,2.772992,9072640,26492928,797904896,973131776,1,100,18
903cb3bb245d,51,53,175957,84,85,84,85,84,6.017182,4.849683,2.972213,9072640,26492928,798162944,973131776,1,100,18
903cb3bb245d,51,53,176017,84,85,85,84,84,6.239353,5.135332,3.191455,9072640,26492928,798646272,973131776,1,100,19
903cb3bb245d,52,54,176137,84,85,85,84,84,6.042573,5.467857,3.556207,9072640,26492928,798461952,973131776,1,100,18
903cb3bb245d,52,54,176137,84,85,85,84,84,6.042573,5.467857,3.556207,9072640,26492928,798461952,973131776,1,100,19
903cb3bb245d,53,55,176318,84,84,85,84,84,6.566995,5.927337,4.073793,9072640,26492928,798281728,973131776,1,100,19
903cb3bb245d,53,55,176378,84,85,84,85,83,6.543557,6.022553,4.223697,9072640,26492928,797999104,973131776,1,100,18
903cb3bb245d,53,55,176438,84,84,84,84,84,6.968368,6.221286,4.396551,9072640,26492928,798203904,973131776,1,100,19
903cb3bb245d,53,55,176558,84,85,84,84,84,6.544045,6.331151,4.664622,9072640,26492928,797978624,973131776,1,100,18
903cb3bb245d,53,56,176618,84,85,84,84,84,6.081636,6.28867,4.75935,9072640,26492928,798130176,973131776,1,100,19
903cb3bb245d,53,55,176678,84,85,84,84,85,6.008392,6.23447,4.838453,9072640,26492928,798064640,973131776,1,100,18
903cb3bb245d,54,56,176738,84,85,84,84,84,6.271092,6.26865,4.939528,9072640,26492928,798588928,973131776,1,100,18
903cb3bb245d,54,56,176798,84,84,85,84,84,5.883391,6.170504,4.992264,9072640,26492928,798277632,973131776,1,100,19
903cb3bb245d,54,56,176858,84,85,84,84,84,5.864836,6.145602,5.060136,9072640,26492928,798220288,973131776,1,100,18
903cb3bb245d,54,56,176919,84,85,84,84,84,6.318944,6.226658,5.156817,9072640,26492928,798445568,973131776,1,100,19
903cb3bb245d,54,56,176979,84,85,84,84,84,6.50547,6.316503,5.257404,9072640,26492928,798507008,973131776,1,100,18
903cb3bb245d,54,55,177039,84,85,84,84,84,6.287694,6.263279,5.305745,9072640,26492928,798679040,973131776,1,100,18
903cb3bb245d,54,55,177099,84,85,84,84,84,6.369238,6.278416,5.371664,9072640,26492928,798302208,973131776,1,100,18
903cb3bb245d,54,56,177159,84,85,84,84,84,6.060151,6.210056,5.404379,9072640,26492928,798498816,973131776,1,100,19
903cb3bb245d,54,56,177219,84,85,84,83,84,6.837995,6.437598,5.53817,9072640,26492928,798257152,973131776,1,100,19
903cb3bb245d,54,55,177279,84,86,84,84,84,6.438087,6.390234,5.578698,9072640,26492928,798367744,973131776,1,100,18
903cb3bb245d,54,56,177339,84,85,84,85,84,6.173922,6.306249,5.600183,9072640,26492928,798126080,973131776,1,100,18
903cb3bb245d,54,55,177399,84,85,84,84,84,6.332616,6.32578,5.653407,9072640,26492928,798433280,973131776,1,100,18
903cb3bb245d,54,56,177460,84,85,84,84,83,6.019135,6.234958,5.663661,9072640,26492928,798892032,973131776,1,100,18
903cb3bb245d,54,56,177520,84,85,84,84,84,6.374609,6.298436,5.722744,9072640,26492928,798687232,973131776,1,100,18
903cb3bb245d,54,55,177580,84,85,84,84,84,6.563088,6.365332,5.782315,9072640,26492928,798842880,973131776,1,100,18
903cb3bb245d,54,56,177640,84,85,84,84,84,5.891691,6.232029,5.77499,9072640,26492928,798593024,973131776,1,100,18
903cb3bb245d,54,56,177700,84,85,84,84,84,5.768643,6.153902,5.778897,9072640,26492928,798539776,973131776,1,100,19
903cb3bb245d,54,56,177760,84,85,84,85,84,6.218845,6.214939,5.826261,9072640,26492928,798035968,973131776,1,100,18
903cb3bb245d,54,56,177820,84,84,85,84,84,6.279881,6.210056,5.846769,9072640,26492928,798208000,973131776,1,100,18
903cb3bb245d,54,56,177880,84,85,84,84,84,6.102144,6.170504,5.855558,9072640,26492928,799154176,973131776,1,100,19
903cb3bb245d,53,55,177940,84,85,84,84,84,6.121187,6.168063,5.876066,9072640,26492928,798519296,973131776,1,100,18
903cb3bb245d,54,56,178001,84,85,84,84,84,5.817472,6.062593,5.858488,9072640,26492928,798412800,973131776,1,100,18
903cb3bb245d,54,56,178121,84,85,84,84,84,6.405371,6.205661,5.940032,9072640,26492928,798380032,973131776,1,100,18
903cb3bb245d,54,55,178181,84,85,84,84,84,6.399023,6.268162,5.981048,9072640,26492928,798834688,973131776,1,100,18
903cb3bb245d,54,56,178241,84,85,84,84,84,6.230076,6.235935,5.989837,9072640,26492928,798404608,973131776,1,100,18
903cb3bb245d,54,56,178301,84,85,84,84,84,6.393164,6.318456,6.035248,9072640,26492928,798535680,973131776,1,100,18
903cb3bb245d,54,56,178361,84,85,84,84,84,5.83212,6.169039,5.999115,9072640,26492928,798703616,973131776,1,100,19
903cb3bb245d,54,56,178421,84,85,84,85,84,5.747158,6.066011,5.975189,9072640,26492928,798351360,973131776,1,100,18
903cb3bb245d,54,56,178481,84,85,84,84,84,6.411231,6.203708,6.029877,9072640,26492928,798666752,973131776,1,100,19
903cb3bb245d,53,56,178541,84,84,84,85,84,6.482033,6.258396,6.058686,9072640,26492928,798388224,973131776,1,100,18
903cb3bb245d,53,55,178602,84,85,85,84,84,6.571878,6.307225,6.087984,9072640,26492928,798187520,973131776,1,100,18
903cb3bb245d,53,55,178662,84,85,84,84,85,6.596292,6.346288,6.113863,9072640,26492928,798408704,973131776,1,100,18
903cb3bb245d,53,55,178722,84,84,84,84,84,6.642679,6.393164,6.142672,9072640,26492928,798535680,973131776,1,100,18
903cb3bb245d,53,55,178842,84,84,85,83,84,6.333593,6.333104,6.149508,9072640,26492928,798269440,973131776,1,100,18
903cb3bb245d,53,55,178962,84,85,84,84,84,6.416114,6.356054,6.182223,9072640,26492928,798408704,973131776,1,100,18
903cb3bb245d,53,55,178962,84,85,84,84,84,6.416114,6.356054,6.182223,9072640,26492928,798408704,973131776,1,100,18
903cb3bb245d,53,55,179022,84,85,84,84,84,6.999619,6.536721,6.254978,9072640,26492928,798420992,973131776,1,100,19
903cb3bb245d,53,55,179082,84,84,84,84,84,6.754009,6.582132,6.289647,9072640,26492928,798183424,973131776,1,100,18
903cb3bb245d,53,55,179143,84,84,84,84,84,6.668559,6.583597,6.306737,9072640,26492928,798330880,973131776,1,100,19
903cb3bb245d,53,55,179203,84,85,84,84,84,6.394629,6.546487,6.312596,9072640,26492928,798175232,973131776,1,100,18
903cb3bb245d,53,56,179263,84,85,84,84,85,6.300877,6.478126,6.301854,9072640,26492928,798879744,973131776,1,100,18
903cb3bb245d,53,56,179323,84,85,84,84,84,5.992767,6.332616,6.259861,9072640,26492928,798371840,973131776,1,100,18
903cb3bb245d,53,56,179383,84,84,84,84,84,6.066987,6.299901,6.255467,9072640,26492928,798146560,973131776,1,100,18
903cb3bb245d,53,55,179443,84,85,84,84,84,6.137789,6.27451,6.250095,9072640,26488832,798507008,973131776,1,100,18
903cb3bb245d,53,55,179503,84,85,84,84,84,5.624109,6.112886,6.195895,9072640,26488832,798507008,973131776,1,100,18
903cb3bb245d,53,55,179563,84,85,84,84,84,6.219821,6.18613,6.212985,9072640,26488832,798449664,973131776,1,100,18
903cb3bb245d,53,55,179623,84,85,84,84,84,6.109468,6.152926,6.196872,9072640,26488832,798539776,973131776,1,100,18
903cb3bb245d,53,55,179683,84,84,84,84,85,6.47422,6.248631,6.225681,9072640,26488832,798150656,973131776,1,100,19
903cb3bb245d,53,55,179744,84,85,84,84,84,6.359472,6.250095,6.226658,9072640,26492928,798179328,973131776,1,100,18
903cb3bb245d,53,55,179864,84,85,84,84,84,6.098238,6.221775,6.223239,9072640,26492928,798900224,973131776,1,100,18
903cb3bb245d,53,55,179924,84,85,84,84,84,6.049409,6.180758,6.207126,9072640,26492928,799084544,973131776,1,100,18
903cb3bb245d,53,55,179984,84,85,84,84,84,6.470314,6.27158,6.236423,9072640,26492928,798867456,973131776,1,100,19
903cb3bb245d,53,55,180044,84,85,84,84,84,6.646098,6.335058,6.259861,9072640,26492928,798474240,973131776,1,100,18
903cb3bb245d,53,55,180104,84,84,84,84,84,6.405371,6.330663,6.265721,9072640,26492928,798674944,973131776,1,100,18
903cb3bb245d,53,55,180164,84,84,85,85,85,5.988373,6.261326,6.247166,9072640,26492928,798777344,973131776,1,100,18
903cb3bb245d,53,55,180224,84,85,84,84,84,6.153902,6.259373,6.247654,9072640,26492928,798588928,973131776,1,100,18
903cb3bb245d,53,55,180285,84,85,84,84,84,6.629984,6.341894,6.275975,9072640,26492928,798912512,973131776,1,100,18
903cb3bb245d,53,55,180345,84,85,84,84,84,6.21445,6.277928,6.258396,9072640,26492928,798597120,973131776,1,100,18
903cb3bb245d,53,55,180405,84,84,84,83,84,5.972259,6.195407,6.231052,9072640,26492928,798732288,973131776,1,100,18
903cb3bb245d,53,55,180465,84,84,84,84,84,6.019135,6.159762,6.214939,9072640,26492928,798507008,973131776,1,100,18
903cb3bb245d,53,55,180525,84,85,85,84,84,6.180758,6.17734,6.215915,9072640,26492928,798711808,973131776,1,100,18
903cb3bb245d,53,55,180585,84,84,84,84,84,6.36875,6.246677,6.238376,9072640,26492928,798277632,973131776,1,100,18
903cb3bb245d,53,55,180645,84,85,84,84,84,6.043061,6.1832,6.216892,9072640,26492928,798883840,973131776,1,100,19
903cb3bb245d,53,55,180705,84,85,84,84,84,6.681254,6.346288,6.272557,9072640,26492928,794664960,973131776,1,100,19
903cb3bb245d,53,55,180766,84,85,84,84,84,6.585061,6.4,6.295995,9072640,26492928,795373568,973131776,1,100,19
903cb3bb245d,53,55,180826,84,85,84,84,84,6.010346,6.24033,6.244724,9072640,26492928,794730496,973131776,1,100,19
903cb3bb245d,53,55,180886,84,85,83,84,84,5.918547,6.142184,6.207614,9072640,26492928,794689536,973131776,1,100,19
903cb3bb245d,53,55,180946,84,85,84,84,84,6.938582,6.354101,6.274022,9072640,26492928,794869760,973131776,1,100,19
903cb3bb245d,53,55,181006,84,85,84,84,84,7.268177,6.513283,6.331151,9072640,26492928,795332608,973131776,1,100,19
903cb3bb245d,53,55,181066,84,85,85,83,83,7.107042,6.603128,6.374609,9072640,26492928,794939392,973131776,1,100,19
903cb3bb245d,53,55,181126,84,84,84,84,84,6.314549,6.438575,6.329686,9072640,26492928,795103232,973131776,1,100,19
903cb3bb245d,53,55,181186,84,85,84,84,84,6.857527,6.585061,6.388281,9072640,26492928,795312128,973131776,1,100,19
903cb3bb245d,53,55,181246,84,84,84,84,84,6.539651,6.539651,6.38291,9072640,26492928,795275264,973131776,1,100,19
903cb3bb245d,53,55,181306,84,85,84,84,83,6.391699,6.487892,6.372656,9072640,26492928,794906624,973131776,1,100,19
903cb3bb245d,53,55,181427,84,84,84,84,84,6.306249,6.447852,6.370214,9072640,26492928,795123712,973131776,1,100,19
903cb3bb245d,53,55,181487,84,84,84,84,84,6.265232,6.411231,6.361425,9072640,26492928,795234304,973131776,1,100,19
903cb3bb245d,53,55,181547,84,85,83,84,84,6.010834,6.330663,6.337987,9072640,26492928,795643904,973131776,1,100,19
903cb3bb245d,53,55,181607,84,85,84,84,84,6.113863,6.324804,6.338476,9072640,26492928,795041792,973131776,1,100,19
903cb3bb245d,53,55,181667,84,85,84,84,84,6.284276,6.32871,6.33994,9072640,26492928,794009600,973131776,1,100,19
903cb3bb245d,54,56,181727,91,91,91,91,92,7.891722,6.763287,6.488869,9072640,26492928,794021888,973131776,1,100,19
903cb3bb245d,54,56,181787,92,92,92,92,92,8.20618,7.028428,6.596292,9072640,26488832,792682496,973131776,1,100,19
903cb3bb245d,54,56,181847,94,95,94,94,93,9.234028,7.55285,6.806744,9072640,26488832,792535040,973131776,1,100,19
903cb3bb245d,54,56,181908,94,94,94,94,94,8.829236,7.730098,6.915633,9072640,26488832,793329664,973131776,1,100,19
903cb3bb245d,54,55,181968,94,94,94,94,94,9.488426,8.116335,7.101183,9072640,26492928,792379392,973131776,1,100,19
903cb3bb245d,53,56,182028,94,95,94,93,94,9.048966,8.24622,7.211536,9072640,26492928,792739840,973131776,1,100,19
903cb3bb245d,54,56,182088,94,94,94,94,94,8.727184,8.343877,7.3131,9072640,26492928,792834048,973131776,1,100,19
903cb3bb245d,54,55,182148,94,94,93,94,94,9.218891,8.591928,7.467399,9072640,26492928,792571904,973131776,1,100,19
903cb3bb245d,54,56,182208,94,94,94,94,94,9.368795,8.744274,7.591424,9072640,26492928,794267648,973131776,1,100,19
903cb3bb245d,54,56,182268,94,94,94,94,94,9.034318,8.747692,7.666133,9072640,26492928,794316800,973131776,1,100,19
903cb3bb245d,54,56,182328,94,94,94,93,94,9.299458,8.872206,7.778439,9072640,26492928,794357760,973131776,1,100,19
903cb3bb245d,53,56,182389,94,94,94,93,94,9.29604,8.968399,7.882444,9072640,26492928,794238976,973131776,1,100,19
903cb3bb245d,54,56,182449,94,94,94,94,94,9.158343,9.00209,7.964477,9072640,26492928,794398720,973131776,1,100,19
903cb3bb245d,54,56,182509,94,94,93,94,94,8.974746,8.998184,8.028931,9072640,26492928,794333184,973131776,1,100,19
903cb3bb245d,53,56,182569,94,94,94,94,94,9.06508,9.026017,8.101686,9072640,26492928,793899008,973131776,1,100,19
903cb3bb245d,54,56,182629,94,94,94,94,94,9.067033,9.034806,8.164187,9072640,26492928,794337280,973131776,1,100,19
903cb3bb245d,54,56,182689,94,94,94,94,94,9.622217,9.17055,8.266239,9072640,26492928,794419200,973131776,1,100,19
903cb3bb245d,54,56,182749,94,94,94,94,94,9.345357,9.194965,8.333623,9072640,26492928,793743360,973131776,1,100,19
903cb3bb245d,54,56,182809,94,94,94,94,94,9.135882,9.159808,8.377569,9072640,26492928,794947584,973131776,1,100,19
903cb3bb245d,54,56,182870,94,94,94,94,94,9.48452,9.253559,8.460578,9072640,26492928,795127808,973131776,1,100,19
903cb3bb245d,54,56,182990,94,95,94,94,94,9.443992,9.386374,8.613901,9072640,26492928,795607040,973131776,1,100,19
903cb3bb245d,54,56,183050,94,95,94,93,94,9.52163,9.422507,8.676402,9072640,26492928,795373568,973131776,1,100,19
903cb3bb245d,54,56,183110,94,94,94,94,94,9.409323,9.418601,8.725719,9072640,26492928,794890240,973131776,1,100,19
903cb3bb245d,54,56,183170,94,94,94,94,93,9.272114,9.372702,8.753552,9072640,26492928,795095040,973131776,1,100,19
903cb3bb245d,54,56,183230,94,94,94,94,93,9.180316,9.321431,8.77406,9072640,26492928,794689536,973131776,1,100,19
903cb3bb245d,54,56,183290,94,95,94,94,94,9.032364,9.246723,8.783825,9072640,26492928,795320320,973131776,1,100,19
903cb3bb245d,54,56,183351,94,95,94,94,93,9.044572,9.22768,8.810193,9072640,26488832,795656192,973131776,1,100,19
903cb3bb245d,54,56,183411,94,94,95,94,93,9.513817,9.323873,8.869276,9072640,26488832,795860992,973131776,1,100,19
903cb3bb245d,54,56,183471,94,94,94,94,94,9.46157,9.351705,8.911269,9072640,26488832,795627520,973131776,1,100,19
903cb3bb245d,54,56,183531,94,95,94,94,94,9.496727,9.390768,8.954238,9072640,26492928,795467776,973131776,1,100,19
903cb3bb245d,54,56,183591,94,94,94,94,94,9.578271,9.440085,9.000137,9072640,26492928,795635712,973131776,1,100,19
903cb3bb245d,54,56,183651,94,95,94,93,94,9.480125,9.400046,9.014786,9072640,26492928,795267072,973131776,1,100,19
903cb3bb245d,54,56,183711,94,95,93,94,94,9.094377,9.28481,8.997696,9072640,26492928,795598848,973131776,1,100,19
903cb3bb245d,54,56,183772,94,94,93,94,94,9.240864,9.304829,9.02211,9072640,26492928,795791360,973131776,1,100,19
903cb3bb245d,54,56,183832,94,94,94,94,94,9.460105,9.35317,9.056291,9072640,26492928,795504640,973131776,1,100,19
903cb3bb245d,54,56,183892,94,94,94,94,94,9.382467,9.349752,9.074357,9072640,26492928,795750400,973131776,1,100,19
903cb3bb245d,54,56,183952,94,94,93,93,95,9.911772,9.50161,9.144671,9072640,26492928,795578368,973131776,1,100,19
903cb3bb245d,54,56,184012,94,94,94,93,94,9.933257,9.591943,9.199359,9072640,26492928,795369472,973131776,1,100,19
903cb3bb245d,54,56,184072,94,94,94,93,94,9.476707,9.516258,9.195453,9072640,26492928,795185152,973131776,1,100,19
903cb3bb245d,54,56,184132,94,94,93,94,94,9.485496,9.549462,9.229633,9072640,26492928,795693056,973131776,1,100,19
903cb3bb245d,54,56,184193,94,94,94,94,93,9.121233,9.433738,9.208637,9072640,26492928,795471872,973131776,1,100,19
903cb3bb245d,54,56,184253,94,94,94,94,94,9.310201,9.419089,9.215473,9072640,26492928,795594752,973131776,1,100,19
903cb3bb245d,54,56,184313,94,94,94,94,93,9.242329,9.37319,9.211566,9072640,26492928,795643904,973131776,1,100,19
903cb3bb245d,54,56,184373,94,95,94,94,94,9.180316,9.310689,9.196429,9072640,26492928,795107328,973131776,1,100,19
903cb3bb245d,49,50,184433,49,49,49,49,48,5.724697,8.465949,8.922011,9072640,26492928,798818304,973131776,1,100,18
903cb3bb245d,49,50,184553,1,3,1,1,1,0.789563,5.67245,7.83801,9072640,26492928,798793728,973131776,1,100,18
903cb3bb245d,49,49,184613,1,3,1,1,1,0.28809,4.637278,7.34435,9072640,26492928,798986240,973131776,1,100,18
903cb3bb245d,49,49,184673,1,1,1,1,1,0.103517,3.790585,6.881941,9072640,26492928,798818304,973131776,1,100,18
903cb3bb245d,48,49,184733,1,2,1,1,1,0.080568,3.112352,6.453712,9072640,26492928,799039488,973131776,1,100,18
903cb3bb245d,49,50,184793,1,3,1,1,1,0.107912,2.560098,6.052827,9072640,26492928,799137792,973131776,1,100,18
903cb3bb245d,48,49,184853,1,2,1,1,1,0.038087,2.090852,5.670985,9072640,26492928,799375360,973131776,1,100,18
903cb3bb245d,48,49,184913,1,2,1,1,1,0.012207,1.706569,5.312581,9072640,26492928,799346688,973131776,1,100,18
903cb3bb245d,48,49,184974,1,1,1,1,1,0.00293,1.392599,4.977127,9072640,26492928,799354880,973131776,1,100,18
903cb3bb245d,48,49,185034,2,4,2,2,1,0,1.136248,4.663157,9072640,26492928,800129024,973131776,1,100,18
903cb3bb245d,48,49,185094,1,2,1,1,1,0,0.926772,4.368231,9072640,26492928,800055296,973131776,1,100,18
903cb3bb245d,48,49,185154,1,2,1,1,1,0,0.755871,4.091859,9072640,26492928,799825920,973131776,1,100,18
903cb3bb245d,48,49,185214,1,3,1,1,1,0.035645,0.630381,3.837949,9072640,26492928,800043008,973131776,1,100,18
903cb3bb245d,48,49,185274,1,2,1,1,1,0.010742,0.512703,3.59527,9072640,26492928,800313344,973131776,1,100,18
903cb3bb245d,48,49,185334,1,2,1,1,1,0.002441,0.416999,3.367239,9072640,26492928,800018432,973131776,1,100,18
903cb3bb245d,48,49,185394,1,2,1,1,1,0,0.338872,3.153368,9072640,26492928,800153600,973131776,1,100,18
903cb3bb245d,47,48,185454,1,2,1,1,1,0.032715,0.289067,2.958541,9072640,26492928,800075776,973131776,1,100,18
903cb3bb245d,48,48,185514,1,3,1,1,1,0.119631,0.265141,2.780804,9072640,26492928,800186368,973131776,1,100,18
903cb3bb245d,47,48,185574,1,2,1,1,1,0.080079,0.229007,2.608927,9072640,26492928,799649792,973131776,1,100,18
903cb3bb245d,47,48,185634,1,2,1,1,1,0.027344,0.185061,2.44242,9072640,26492928,800178176,973131776,1,100,18
903cb3bb245d,47,48,185694,1,2,1,1,1,0.007813,0.14844,2.287144,9072640,26492928,800141312,973131776,1,100,18
903cb3bb245d,47,48,185754,1,3,1,1,1,0.000977,0.118654,2.141146,9072640,26492928,800124928,973131776,1,100,18
903cb3bb245d,47,48,185814,1,3,1,1,1,0.061524,0.11133,2.009308,9072640,26492928,800346112,973131776,1,100,18
903cb3bb245d,47,48,185874,1,2,1,1,1,0.065431,0.104494,1.886259,9072640,26492928,800468992,973131776,1,100,18
903cb3bb245d,47,48,185935,1,3,1,1,1,0.021973,0.082521,1.765652,9072640,26492928,800063488,973131776,1,100,18
903cb3bb245d,47,48,185995,1,3,1,1,1,0.005859,0.064942,1.652369,9072640,26492928,800665600,973131776,1,100,18
903cb3bb245d,47,48,186115,1,2,1,1,1,0.056153,0.055665,1.451194,9072640,26492928,800006144,973131776,1,100,18
903cb3bb245d,47,48,186175,2,3,1,1,1,0.018555,0.043946,1.357443,9072640,26492928,800116736,973131776,1,100,18
903cb3bb245d,47,48,186235,1,2,1,1,1,0.004883,0.032227,1.269551,9072640,26492928,800133120,973131776,1,100,18
903cb3bb245d,47,48,186295,1,2,1,1,1,0.052735,0.039551,1.192889,9072640,26492928,800071680,973131776,1,100,18
903cb3bb245d,47,48,186355,1,2,1,1,1,0.01709,0.028321,1.11574,9072640,26492928,800239616,973131776,1,100,18
903cb3bb245d,47,48,186415,1,2,1,1,1,0.004395,0.022461,1.043473,9072640,26492928,800747520,973131776,1,100,18
903cb3bb245d,47,48,186475,1,2,1,1,1,0,0.016602,0.975113,9072640,26492928,800350208,973131776,1,100,18
903cb3bb245d,47,48,186535,1,1,1,1,1,0,0.010742,0.910658,9072640,26492928,800292864,973131776,1,100,18
903cb3bb245d,47,48,186595,1,1,1,1,1,0,0.004883,0.851575,9072640,26492928,800428032,973131776,1,100,18
903cb3bb245d,47,47,186655,1,2,1,1,1,0,0,0.795422,9072640,26492928,800604160,973131776,1,100,18
903cb3bb245d,47,48,186715,1,1,1,1,1,0,0,0.742687,9072640,26492928,800374784,973131776,1,100,18
903cb3bb245d,47,48,186775,1,2,1,1,1,0.05127,0.01416,0.699718,9072640,26492928,800149504,973131776,1,100,18
903cb3bb245d,47,48,186835,1,2,1,1,1,0.016602,0.008301,0.652842,9072640,26492928,800333824,973131776,1,100,18
903cb3bb245d,47,48,186895,1,1,1,1,1,0.004395,0.002441,0.609384,9072640,26492928,800174080,973131776,1,100,18
903cb3bb245d,47,48,186956,1,2,1,1,1,0,0,0.568368,9072640,26492928,800071680,973131776,1,100,18
903cb3bb245d,47,48,187016,1,2,1,1,1,0,0,0.529793,9072640,26492928,800358400,973131776,1,100,18
903cb3bb245d,47,48,187076,1,1,1,2,1,0,0,0.494636,9072640,26492928,800350208,973131776,1,100,18
903cb3bb245d,47,48,187136,1,2,1,1,1,0,0,0.45948,9072640,26492928,800120832,973131776,1,100,18
903cb3bb245d,47,48,187196,1,3,1,1,1,0,0,0.429206,9072640,26492928,800731136,973131776,1,100,18
903cb3bb245d,47,47,187256,1,2,1,1,1,0,0,0.399908,9072640,26492928,800579584,973131776,1,100,18
903cb3bb245d,47,48,187316,1,2,1,1,1,0,0,0.370611,9072640,26492928,799154176,973131776,1,100,19
903cb3bb245d,47,48,187376,1,2,1,1,1,0,0,0.345708,9072640,26492928,796459008,973131776,1,100,19
903cb3bb245d,47,48,187436,1,2,1,1,1,0,0,0.322271,9072640,26492928,796053504,973131776,1,100,19
903cb3bb245d,47,48,187496,1,2,1,1,1,0,0,0.298833,9072640,26492928,795828224,973131776,1,100,19
903cb3bb245d,47,48,187616,1,2,1,1,1,0,0,0.25684,9072640,26492928,797118464,973131776,1,100,19
903cb3bb245d,47,48,187676,1,3,1,1,1,0.124025,0.030762,0.25098,9072640,26492928,797503488,973131776,1,100,19
903cb3bb245d,47,47,187736,1,2,1,1,1,0.042969,0.023926,0.233402,9072640,26492928,797499392,973131776,1,100,19
903cb3bb245d,47,47,187796,1,2,1,1,1,0.013672,0.018067,0.215824,9072640,26492928,798064640,973131776,1,100,19
903cb3bb245d,47,48,187856,2,2,1,2,1,0.003418,0.012207,0.198245,9072640,26492928,797851648,973131776,1,100,19
903cb3bb245d,47,47,187917,1,1,1,2,1,0,0.006348,0.180667,9072640,26492928,798380032,973131776,1,100,18
903cb3bb245d,46,47,187977,1,2,2,1,1,0,0.000488,0.168948,9072640,26492928,798588928,973131776,1,100,18
903cb3bb245d,47,47,188037,1,1,1,1,1,0.046876,0.013672,0.163088,9072640,26492928,798375936,973131776,1,100,18
903cb3bb245d,46,47,188097,2,1,3,1,1,0.015137,0.007813,0.151369,9072640,26492928,798855168,973131776,1,100,18
903cb3bb245d,47,47,188157,1,1,1,1,1,0.003906,0.001953,0.139651,9072640,26492928,798351360,973131776,1,100,18
903cb3bb245d,46,47,188217,1,1,1,1,1,0,0,0.127932,9072640,26492928,798457856,973131776,1,100,18
903cb3bb245d,47,47,188277,1,2,1,1,1,0,0,0.116213,9072640,26492928,798810112,973131776,1,100,18
903cb3bb245d,47,48,188337,1,2,1,1,1,0,0,0.104494,9072640,26492928,798625792,973131776,1,100,18
903cb3bb245d,47,48,188397,2,3,1,1,1,0,0,0.092775,9072640,26492928,799059968,973131776,1,100,18
903cb3bb245d,47,48,188457,1,2,1,1,1,0,0,0.085939,9072640,26492928,799191040,973131776,1,100,18
903cb3bb245d,47,47,188517,1,2,2,1,1,0,0,0.080079,9072640,26492928,799334400,973131776,1,100,18
903cb3bb245d,47,47,188577,1,2,1,1,1,0,0,0.07422,9072640,26492928,799145984,973131776,1,100,18
903cb3bb245d,46,47,188637,1,2,1,1,1,0,0,0.06836,9072640,26492928,799539200,973131776,1,100,18
903cb3bb245d,47,48,188697,1,2,1,1,1,0,0,0.062501,9072640,26492928,799563776,973131776,1,100,18
903cb3bb245d,47,48,188757,1,2,1,1,1,0,0,0.05713,9072640,26492928,799432704,973131776,1,100,18
903cb3bb245d,47,47,188817,1,2,1,1,1,0,0,0.05127,9072640,26492928,799617024,973131776,1,100,18
903cb3bb245d,47,47,188877,1,2,1,1,1,0.061524,0.025879,0.056641,9072640,26492928,799715328,973131776,1,100,18
903cb3bb245d,47,47,188938,1,3,1,1,1,0.020508,0.02002,0.050782,9072640,26492928,799657984,973131776,1,100,18
903cb3bb245d,47,47,188998,1,1,1,1,1,0.005371,0.01416,0.044923,9072640,26492928,799539200,973131776,1,100,18
903cb3bb245d,46,47,189058,1,2,1,1,1,0,0.008301,0.039063,9072640,26492928,799617024,973131776,1,100,18
903cb3bb245d,46,47,189178,1,2,1,1,1,0,0,0.027344,9072640,26492928,799952896,973131776,1,100,18
903cb3bb245d,46,47,189238,1,2,1,1,1,0,0,0.021485,9072640,26492928,799928320,973131776,1,100,18
903cb3bb245d,46,47,189298,1,2,1,1,1,0,0,0.015625,9072640,26492928,800174080,973131776,1,100,18
903cb3bb245d,46,47,189358,1,3,1,1,1,0.275395,0.063966,0.032715,9072640,26492928,799793152,973131776,1,100,18
903cb3bb245d,46,47,189418,1,1,1,1,1,0.173342,0.066896,0.032715,9072640,26492928,799727616,973131776,1,100,18
903cb3bb245d,47,47,189478,1,1,1,1,1,0.061524,0.052247,0.026856,9072640,26492928,799793152,973131776,1,100,18
903cb3bb245d,46,47,189538,1,2,1,1,1,0.020508,0.040528,0.020996,9072640,26492928,799633408,973131776,1,100,18
903cb3bb245d,46,47,189598,1,2,1,1,1,0.005371,0.028809,0.015137,9072640,26492928,799666176,973131776,1,100,18
903cb3bb245d,47,47,189718,1,2,1,1,1,0,0.01709,0.003418,9072640,26492928,799498240,973131776,1,100,18
903cb3bb245d,47,47,189778,1,3,1,1,1,0,0.011231,0,9072640,26492928,800030720,973131776,1,100,18
903cb3bb245d,46,47,189838,1,1,1,1,1,0,0.005371,0,9072640,26492928,799920128,973131776,1,100,18
903cb3bb245d,46,47,189898,1,2,1,1,1,0,0,0,9072640,26488832,800038912,973131776,1,100,18
903cb3bb245d,46,47,189959,1,2,1,1,1,0,0,0,9072640,26488832,799809536,973131776,1,100,18
